Workbook

Sheet Inicio
A1: Planilla Anual del Gasto Escolar
A2: Presupuesto por hijo, ajuste por IPC y comparación con el gasto real. Excel y Google Sheets.
A4: CÓMO USARLO
A5: 1. Pestaña 'Parámetros': poné el IPC mensual que esperás (por ejemplo 3%) y los nombres de tus hijos.
A6: 2. En cada pestaña 'Hijo': en 'Gastos mensuales' cargá el monto base, si ajusta por IPC (SI/NO) y de qué mes a qué mes se paga. El resto se calcula.
A7: 3. En 'Gastos únicos' cargá útiles, uniforme, calzado, libros y otros en el mes en que los vas a comprar.
A8: 4. En 'Gastado real' cargá el total que gastaste cada mes. La diferencia contra lo presupuestado se calcula sola.
A9: 5. 'Resumen' suma a toda la familia, por mes y por hijo.
A11: Celdas amarillas = las cargás vos. Celdas celestes = se calculan solas. Los números de ejemplo son referencia: pisalos con los tuyos.
A13: AVISO
A14: Herramienta de cálculo orientativa. Los precios de ejemplo no corresponden a ningún colegio ni comercio. Para uso propio, prohibida su reventa.

Sheet Parámetros
A1: Parámetros
A2: Valores que usan todas las pestañas
A4: IPC mensual esperado | B4: 0.03
A6: Nombre hijo 1 | B6: Hijo 1
A7: Nombre hijo 2 | B7: Hijo 2
A8: Nombre hijo 3 | B8: Hijo 3

Sheet Hijo 1
A1: Hijo 1
A2: Presupuesto y gasto real del año
A3: Nombre | B3: =Parámetros!B6
A5: Gastos mensuales | B5: Monto base | C5: Ajusta IPC | D5: Desde (mes 1-12) | E5: Hasta (mes 1-12) | F5: Ene | G5: Feb | H5: Mar | I5: Abr | J5: May | K5: Jun | L5: Jul | M5: Ago | N5: Sep | O5: Oct | P5: Nov | Q5: Dic | R5: Total año
A6: Cuota del colegio | B6: 120000 | C6: SI | D6: 3 | E6: 12 | F6: =IF(AND(1>=$D6,1<=$E6),$B6*IF($C6="SI",(1+Parámetros!$B$4)^(1-$D6),1),0) | G6: =IF(AND(2>=$D6,2<=$E6),$B6*IF($C6="SI",(1+Parámetros!$B$4)^(2-$D6),1),0) | H6: =IF(AND(3>=$D6,3<=$E6),$B6*IF($C6="SI",(1+Parámetros!$B$4)^(3-$D6),1),0) | I6: =IF(AND(4>=$D6,4<=$E6),$B6*IF($C6="SI",(1+Parámetros!$B$4)^(4-$D6),1),0) | J6: =IF(AND(5>=$D6,5<=$E6),$B6*IF($C6="SI",(1+Parámetros!$B$4)^(5-$D6),1),0) | K6: =IF(AND(6>=$D6,6<=$E6),$B6*IF($C6="SI",(1+Parámetros!$B$4)^(6-$D6),1),0) | L6: =IF(AND(7>=$D6,7<=$E6),$B6*IF($C6="SI",(1+Parámetros!$B$4)^(7-$D6),1),0) | M6: =IF(AND(8>=$D6,8<=$E6),$B6*IF($C6="SI",(1+Parámetros!$B$4)^(8-$D6),1),0) | N6: =IF(AND(9>=$D6,9<=$E6),$B6*IF($C6="SI",(1+Parámetros!$B$4)^(9-$D6),1),0) | O6: =IF(AND(10>=$D6,10<=$E6),$B6*IF($C6="SI",(1+Parámetros!$B$4)^(10-$D6),1),0) | P6: =IF(AND(11>=$D6,11<=$E6),$B6*IF($C6="SI",(1+Parámetros!$B$4)^(11-$D6),1),0) | Q6: =IF(AND(12>=$D6,12<=$E6),$B6*IF($C6="SI",(1+Parámetros!$B$4)^(12-$D6),1),0) | R6: =SUM(F6:Q6)
A7: Transporte | B7: 45000 | C7: SI | D7: 3 | E7: 12 | F7: =IF(AND(1>=$D7,1<=$E7),$B7*IF($C7="SI",(1+Parámetros!$B$4)^(1-$D7),1),0) | G7: =IF(AND(2>=$D7,2<=$E7),$B7*IF($C7="SI",(1+Parámetros!$B$4)^(2-$D7),1),0) | H7: =IF(AND(3>=$D7,3<=$E7),$B7*IF($C7="SI",(1+Parámetros!$B$4)^(3-$D7),1),0) | I7: =IF(AND(4>=$D7,4<=$E7),$B7*IF($C7="SI",(1+Parámetros!$B$4)^(4-$D7),1),0) | J7: =IF(AND(5>=$D7,5<=$E7),$B7*IF($C7="SI",(1+Parámetros!$B$4)^(5-$D7),1),0) | K7: =IF(AND(6>=$D7,6<=$E7),$B7*IF($C7="SI",(1+Parámetros!$B$4)^(6-$D7),1),0) | L7: =IF(AND(7>=$D7,7<=$E7),$B7*IF($C7="SI",(1+Parámetros!$B$4)^(7-$D7),1),0) | M7: =IF(AND(8>=$D7,8<=$E7),$B7*IF($C7="SI",(1+Parámetros!$B$4)^(8-$D7),1),0) | N7: =IF(AND(9>=$D7,9<=$E7),$B7*IF($C7="SI",(1+Parámetros!$B$4)^(9-$D7),1),0) | O7: =IF(AND(10>=$D7,10<=$E7),$B7*IF($C7="SI",(1+Parámetros!$B$4)^(10-$D7),1),0) | P7: =IF(AND(11>=$D7,11<=$E7),$B7*IF($C7="SI",(1+Parámetros!$B$4)^(11-$D7),1),0) | Q7: =IF(AND(12>=$D7,12<=$E7),$B7*IF($C7="SI",(1+Parámetros!$B$4)^(12-$D7),1),0) | R7: =SUM(F7:Q7)
A8: Comedor | B8: 0 | C8: NO | D8: 3 | E8: 12 | F8: =IF(AND(1>=$D8,1<=$E8),$B8*IF($C8="SI",(1+Parámetros!$B$4)^(1-$D8),1),0) | G8: =IF(AND(2>=$D8,2<=$E8),$B8*IF($C8="SI",(1+Parámetros!$B$4)^(2-$D8),1),0) | H8: =IF(AND(3>=$D8,3<=$E8),$B8*IF($C8="SI",(1+Parámetros!$B$4)^(3-$D8),1),0) | I8: =IF(AND(4>=$D8,4<=$E8),$B8*IF($C8="SI",(1+Parámetros!$B$4)^(4-$D8),1),0) | J8: =IF(AND(5>=$D8,5<=$E8),$B8*IF($C8="SI",(1+Parámetros!$B$4)^(5-$D8),1),0) | K8: =IF(AND(6>=$D8,6<=$E8),$B8*IF($C8="SI",(1+Parámetros!$B$4)^(6-$D8),1),0) | L8: =IF(AND(7>=$D8,7<=$E8),$B8*IF($C8="SI",(1+Parámetros!$B$4)^(7-$D8),1),0) | M8: =IF(AND(8>=$D8,8<=$E8),$B8*IF($C8="SI",(1+Parámetros!$B$4)^(8-$D8),1),0) | N8: =IF(AND(9>=$D8,9<=$E8),$B8*IF($C8="SI",(1+Parámetros!$B$4)^(9-$D8),1),0) | O8: =IF(AND(10>=$D8,10<=$E8),$B8*IF($C8="SI",(1+Parámetros!$B$4)^(10-$D8),1),0) | P8: =IF(AND(11>=$D8,11<=$E8),$B8*IF($C8="SI",(1+Parámetros!$B$4)^(11-$D8),1),0) | Q8: =IF(AND(12>=$D8,12<=$E8),$B8*IF($C8="SI",(1+Parámetros!$B$4)^(12-$D8),1),0) | R8: =SUM(F8:Q8)
A9: Actividades extra | B9: 0 | C9: NO | D9: 3 | E9: 11 | F9: =IF(AND(1>=$D9,1<=$E9),$B9*IF($C9="SI",(1+Parámetros!$B$4)^(1-$D9),1),0) | G9: =IF(AND(2>=$D9,2<=$E9),$B9*IF($C9="SI",(1+Parámetros!$B$4)^(2-$D9),1),0) | H9: =IF(AND(3>=$D9,3<=$E9),$B9*IF($C9="SI",(1+Parámetros!$B$4)^(3-$D9),1),0) | I9: =IF(AND(4>=$D9,4<=$E9),$B9*IF($C9="SI",(1+Parámetros!$B$4)^(4-$D9),1),0) | J9: =IF(AND(5>=$D9,5<=$E9),$B9*IF($C9="SI",(1+Parámetros!$B$4)^(5-$D9),1),0) | K9: =IF(AND(6>=$D9,6<=$E9),$B9*IF($C9="SI",(1+Parámetros!$B$4)^(6-$D9),1),0) | L9: =IF(AND(7>=$D9,7<=$E9),$B9*IF($C9="SI",(1+Parámetros!$B$4)^(7-$D9),1),0) | M9: =IF(AND(8>=$D9,8<=$E9),$B9*IF($C9="SI",(1+Parámetros!$B$4)^(8-$D9),1),0) | N9: =IF(AND(9>=$D9,9<=$E9),$B9*IF($C9="SI",(1+Parámetros!$B$4)^(9-$D9),1),0) | O9: =IF(AND(10>=$D9,10<=$E9),$B9*IF($C9="SI",(1+Parámetros!$B$4)^(10-$D9),1),0) | P9: =IF(AND(11>=$D9,11<=$E9),$B9*IF($C9="SI",(1+Parámetros!$B$4)^(11-$D9),1),0) | Q9: =IF(AND(12>=$D9,12<=$E9),$B9*IF($C9="SI",(1+Parámetros!$B$4)^(12-$D9),1),0) | R9: =SUM(F9:Q9)
A11: Gastos únicos (cargalos en su mes) | F11: Ene | G11: Feb | H11: Mar | I11: Abr | J11: May | K11: Jun | L11: Jul | M11: Ago | N11: Sep | O11: Oct | P11: Nov | Q11: Dic | R11: Total año
A12: Útiles y mochila | F12: 0 | G12: 60000 | H12: 0 | I12: 0 | J12: 0 | K12: 0 | L12: 0 | M12: 0 | N12: 0 | O12: 0 | P12: 0 | Q12: 0 | R12: =SUM(F12:Q12)
A13: Uniforme y ropa | F13: 0 | G13: 70000 | H13: 0 | I13: 0 | J13: 0 | K13: 0 | L13: 0 | M13: 0 | N13: 0 | O13: 0 | P13: 0 | Q13: 0 | R13: =SUM(F13:Q13)
A14: Calzado | F14: 0 | G14: 80000 | H14: 0 | I14: 0 | J14: 0 | K14: 0 | L14: 0 | M14: 0 | N14: 0 | O14: 0 | P14: 0 | Q14: 0 | R14: =SUM(F14:Q14)
A15: Libros | F15: 0 | G15: 0 | H15: 50000 | I15: 0 | J15: 0 | K15: 0 | L15: 0 | M15: 0 | N15: 0 | O15: 0 | P15: 0 | Q15: 0 | R15: =SUM(F15:Q15)
A16: Otros | F16: 0 | G16: 0 | H16: 0 | I16: 0 | J16: 0 | K16: 0 | L16: 0 | M16: 0 | N16: 0 | O16: 0 | P16: 0 | Q16: 0 | R16: =SUM(F16:Q16)
A18: TOTAL PRESUPUESTADO | F18: =SUM(F6:F9)+SUM(F12:F16) | G18: =SUM(G6:G9)+SUM(G12:G16) | H18: =SUM(H6:H9)+SUM(H12:H16) | I18: =SUM(I6:I9)+SUM(I12:I16) | J18: =SUM(J6:J9)+SUM(J12:J16) | K18: =SUM(K6:K9)+SUM(K12:K16) | L18: =SUM(L6:L9)+SUM(L12:L16) | M18: =SUM(M6:M9)+SUM(M12:M16) | ... R18: =SUM(R6:R9)+SUM(R12:R16)
A19: Gastado real | R19: =SUM(F19:Q19)
A20: Diferencia (presupuesto - real) | F20: =F18-F19 | G20: =G18-G19 | H20: =H18-H19 | I20: =I18-I19 | J20: =J18-J19 | K20: =K18-K19 | L20: =L18-L19 | M20: =M18-M19 | ... R20: =R18-R19

Sheet Hijo 2
A1: Hijo 2
A2: Presupuesto y gasto real del año
A3: Nombre | B3: =Parámetros!B7
A5: Gastos mensuales | B5: Monto base | C5: Ajusta IPC | D5: Desde (mes 1-12) | E5: Hasta (mes 1-12) | F5: Ene | G5: Feb | H5: Mar | I5: Abr | J5: May | K5: Jun | L5: Jul | M5: Ago | N5: Sep | O5: Oct | P5: Nov | Q5: Dic | R5: Total año
A6: Cuota del colegio | B6: 0 | C6: SI | D6: 3 | E6: 12 | F6: =IF(AND(1>=$D6,1<=$E6),$B6*IF($C6="SI",(1+Parámetros!$B$4)^(1-$D6),1),0) | G6: =IF(AND(2>=$D6,2<=$E6),$B6*IF($C6="SI",(1+Parámetros!$B$4)^(2-$D6),1),0) | H6: =IF(AND(3>=$D6,3<=$E6),$B6*IF($C6="SI",(1+Parámetros!$B$4)^(3-$D6),1),0) | I6: =IF(AND(4>=$D6,4<=$E6),$B6*IF($C6="SI",(1+Parámetros!$B$4)^(4-$D6),1),0) | J6: =IF(AND(5>=$D6,5<=$E6),$B6*IF($C6="SI",(1+Parámetros!$B$4)^(5-$D6),1),0) | K6: =IF(AND(6>=$D6,6<=$E6),$B6*IF($C6="SI",(1+Parámetros!$B$4)^(6-$D6),1),0) | L6: =IF(AND(7>=$D6,7<=$E6),$B6*IF($C6="SI",(1+Parámetros!$B$4)^(7-$D6),1),0) | M6: =IF(AND(8>=$D6,8<=$E6),$B6*IF($C6="SI",(1+Parámetros!$B$4)^(8-$D6),1),0) | N6: =IF(AND(9>=$D6,9<=$E6),$B6*IF($C6="SI",(1+Parámetros!$B$4)^(9-$D6),1),0) | O6: =IF(AND(10>=$D6,10<=$E6),$B6*IF($C6="SI",(1+Parámetros!$B$4)^(10-$D6),1),0) | P6: =IF(AND(11>=$D6,11<=$E6),$B6*IF($C6="SI",(1+Parámetros!$B$4)^(11-$D6),1),0) | Q6: =IF(AND(12>=$D6,12<=$E6),$B6*IF($C6="SI",(1+Parámetros!$B$4)^(12-$D6),1),0) | R6: =SUM(F6:Q6)
A7: Transporte | B7: 0 | C7: SI | D7: 3 | E7: 12 | F7: =IF(AND(1>=$D7,1<=$E7),$B7*IF($C7="SI",(1+Parámetros!$B$4)^(1-$D7),1),0) | G7: =IF(AND(2>=$D7,2<=$E7),$B7*IF($C7="SI",(1+Parámetros!$B$4)^(2-$D7),1),0) | H7: =IF(AND(3>=$D7,3<=$E7),$B7*IF($C7="SI",(1+Parámetros!$B$4)^(3-$D7),1),0) | I7: =IF(AND(4>=$D7,4<=$E7),$B7*IF($C7="SI",(1+Parámetros!$B$4)^(4-$D7),1),0) | J7: =IF(AND(5>=$D7,5<=$E7),$B7*IF($C7="SI",(1+Parámetros!$B$4)^(5-$D7),1),0) | K7: =IF(AND(6>=$D7,6<=$E7),$B7*IF($C7="SI",(1+Parámetros!$B$4)^(6-$D7),1),0) | L7: =IF(AND(7>=$D7,7<=$E7),$B7*IF($C7="SI",(1+Parámetros!$B$4)^(7-$D7),1),0) | M7: =IF(AND(8>=$D7,8<=$E7),$B7*IF($C7="SI",(1+Parámetros!$B$4)^(8-$D7),1),0) | N7: =IF(AND(9>=$D7,9<=$E7),$B7*IF($C7="SI",(1+Parámetros!$B$4)^(9-$D7),1),0) | O7: =IF(AND(10>=$D7,10<=$E7),$B7*IF($C7="SI",(1+Parámetros!$B$4)^(10-$D7),1),0) | P7: =IF(AND(11>=$D7,11<=$E7),$B7*IF($C7="SI",(1+Parámetros!$B$4)^(11-$D7),1),0) | Q7: =IF(AND(12>=$D7,12<=$E7),$B7*IF($C7="SI",(1+Parámetros!$B$4)^(12-$D7),1),0) | R7: =SUM(F7:Q7)
A8: Comedor | B8: 0 | C8: NO | D8: 3 | E8: 12 | F8: =IF(AND(1>=$D8,1<=$E8),$B8*IF($C8="SI",(1+Parámetros!$B$4)^(1-$D8),1),0) | G8: =IF(AND(2>=$D8,2<=$E8),$B8*IF($C8="SI",(1+Parámetros!$B$4)^(2-$D8),1),0) | H8: =IF(AND(3>=$D8,3<=$E8),$B8*IF($C8="SI",(1+Parámetros!$B$4)^(3-$D8),1),0) | I8: =IF(AND(4>=$D8,4<=$E8),$B8*IF($C8="SI",(1+Parámetros!$B$4)^(4-$D8),1),0) | J8: =IF(AND(5>=$D8,5<=$E8),$B8*IF($C8="SI",(1+Parámetros!$B$4)^(5-$D8),1),0) | K8: =IF(AND(6>=$D8,6<=$E8),$B8*IF($C8="SI",(1+Parámetros!$B$4)^(6-$D8),1),0) | L8: =IF(AND(7>=$D8,7<=$E8),$B8*IF($C8="SI",(1+Parámetros!$B$4)^(7-$D8),1),0) | M8: =IF(AND(8>=$D8,8<=$E8),$B8*IF($C8="SI",(1+Parámetros!$B$4)^(8-$D8),1),0) | N8: =IF(AND(9>=$D8,9<=$E8),$B8*IF($C8="SI",(1+Parámetros!$B$4)^(9-$D8),1),0) | O8: =IF(AND(10>=$D8,10<=$E8),$B8*IF($C8="SI",(1+Parámetros!$B$4)^(10-$D8),1),0) | P8: =IF(AND(11>=$D8,11<=$E8),$B8*IF($C8="SI",(1+Parámetros!$B$4)^(11-$D8),1),0) | Q8: =IF(AND(12>=$D8,12<=$E8),$B8*IF($C8="SI",(1+Parámetros!$B$4)^(12-$D8),1),0) | R8: =SUM(F8:Q8)
A9: Actividades extra | B9: 0 | C9: NO | D9: 3 | E9: 11 | F9: =IF(AND(1>=$D9,1<=$E9),$B9*IF($C9="SI",(1+Parámetros!$B$4)^(1-$D9),1),0) | G9: =IF(AND(2>=$D9,2<=$E9),$B9*IF($C9="SI",(1+Parámetros!$B$4)^(2-$D9),1),0) | H9: =IF(AND(3>=$D9,3<=$E9),$B9*IF($C9="SI",(1+Parámetros!$B$4)^(3-$D9),1),0) | I9: =IF(AND(4>=$D9,4<=$E9),$B9*IF($C9="SI",(1+Parámetros!$B$4)^(4-$D9),1),0) | J9: =IF(AND(5>=$D9,5<=$E9),$B9*IF($C9="SI",(1+Parámetros!$B$4)^(5-$D9),1),0) | K9: =IF(AND(6>=$D9,6<=$E9),$B9*IF($C9="SI",(1+Parámetros!$B$4)^(6-$D9),1),0) | L9: =IF(AND(7>=$D9,7<=$E9),$B9*IF($C9="SI",(1+Parámetros!$B$4)^(7-$D9),1),0) | M9: =IF(AND(8>=$D9,8<=$E9),$B9*IF($C9="SI",(1+Parámetros!$B$4)^(8-$D9),1),0) | N9: =IF(AND(9>=$D9,9<=$E9),$B9*IF($C9="SI",(1+Parámetros!$B$4)^(9-$D9),1),0) | O9: =IF(AND(10>=$D9,10<=$E9),$B9*IF($C9="SI",(1+Parámetros!$B$4)^(10-$D9),1),0) | P9: =IF(AND(11>=$D9,11<=$E9),$B9*IF($C9="SI",(1+Parámetros!$B$4)^(11-$D9),1),0) | Q9: =IF(AND(12>=$D9,12<=$E9),$B9*IF($C9="SI",(1+Parámetros!$B$4)^(12-$D9),1),0) | R9: =SUM(F9:Q9)
A11: Gastos únicos (cargalos en su mes) | F11: Ene | G11: Feb | H11: Mar | I11: Abr | J11: May | K11: Jun | L11: Jul | M11: Ago | N11: Sep | O11: Oct | P11: Nov | Q11: Dic | R11: Total año
A12: Útiles y mochila | F12: 0 | G12: 0 | H12: 0 | I12: 0 | J12: 0 | K12: 0 | L12: 0 | M12: 0 | N12: 0 | O12: 0 | P12: 0 | Q12: 0 | R12: =SUM(F12:Q12)
A13: Uniforme y ropa | F13: 0 | G13: 0 | H13: 0 | I13: 0 | J13: 0 | K13: 0 | L13: 0 | M13: 0 | N13: 0 | O13: 0 | P13: 0 | Q13: 0 | R13: =SUM(F13:Q13)
A14: Calzado | F14: 0 | G14: 0 | H14: 0 | I14: 0 | J14: 0 | K14: 0 | L14: 0 | M14: 0 | N14: 0 | O14: 0 | P14: 0 | Q14: 0 | R14: =SUM(F14:Q14)
A15: Libros | F15: 0 | G15: 0 | H15: 0 | I15: 0 | J15: 0 | K15: 0 | L15: 0 | M15: 0 | N15: 0 | O15: 0 | P15: 0 | Q15: 0 | R15: =SUM(F15:Q15)
A16: Otros | F16: 0 | G16: 0 | H16: 0 | I16: 0 | J16: 0 | K16: 0 | L16: 0 | M16: 0 | N16: 0 | O16: 0 | P16: 0 | Q16: 0 | R16: =SUM(F16:Q16)
A18: TOTAL PRESUPUESTADO | F18: =SUM(F6:F9)+SUM(F12:F16) | G18: =SUM(G6:G9)+SUM(G12:G16) | H18: =SUM(H6:H9)+SUM(H12:H16) | I18: =SUM(I6:I9)+SUM(I12:I16) | J18: =SUM(J6:J9)+SUM(J12:J16) | K18: =SUM(K6:K9)+SUM(K12:K16) | L18: =SUM(L6:L9)+SUM(L12:L16) | M18: =SUM(M6:M9)+SUM(M12:M16) | ... R18: =SUM(R6:R9)+SUM(R12:R16)
A19: Gastado real | R19: =SUM(F19:Q19)
A20: Diferencia (presupuesto - real) | F20: =F18-F19 | G20: =G18-G19 | H20: =H18-H19 | I20: =I18-I19 | J20: =J18-J19 | K20: =K18-K19 | L20: =L18-L19 | M20: =M18-M19 | ... R20: =R18-R19

Sheet Hijo 3
A1: Hijo 3
A2: Presupuesto y gasto real del año
A3: Nombre | B3: =Parámetros!B8
A5: Gastos mensuales | B5: Monto base | C5: Ajusta IPC | D5: Desde (mes 1-12) | E5: Hasta (mes 1-12) | F5: Ene | G5: Feb | H5: Mar | I5: Abr | J5: May | K5: Jun | L5: Jul | M5: Ago | N5: Sep | O5: Oct | P5: Nov | Q5: Dic | R5: Total año
A6: Cuota del colegio | B6: 0 | C6: SI | D6: 3 | E6: 12 | F6: =IF(AND(1>=$D6,1<=$E6),$B6*IF($C6="SI",(1+Parámetros!$B$4)^(1-$D6),1),0) | G6: =IF(AND(2>=$D6,2<=$E6),$B6*IF($C6="SI",(1+Parámetros!$B$4)^(2-$D6),1),0) | H6: =IF(AND(3>=$D6,3<=$E6),$B6*IF($C6="SI",(1+Parámetros!$B$4)^(3-$D6),1),0) | I6: =IF(AND(4>=$D6,4<=$E6),$B6*IF($C6="SI",(1+Parámetros!$B$4)^(4-$D6),1),0) | J6: =IF(AND(5>=$D6,5<=$E6),$B6*IF($C6="SI",(1+Parámetros!$B$4)^(5-$D6),1),0) | K6: =IF(AND(6>=$D6,6<=$E6),$B6*IF($C6="SI",(1+Parámetros!$B$4)^(6-$D6),1),0) | L6: =IF(AND(7>=$D6,7<=$E6),$B6*IF($C6="SI",(1+Parámetros!$B$4)^(7-$D6),1),0) | M6: =IF(AND(8>=$D6,8<=$E6),$B6*IF($C6="SI",(1+Parámetros!$B$4)^(8-$D6),1),0) | N6: =IF(AND(9>=$D6,9<=$E6),$B6*IF($C6="SI",(1+Parámetros!$B$4)^(9-$D6),1),0) | O6: =IF(AND(10>=$D6,10<=$E6),$B6*IF($C6="SI",(1+Parámetros!$B$4)^(10-$D6),1),0) | P6: =IF(AND(11>=$D6,11<=$E6),$B6*IF($C6="SI",(1+Parámetros!$B$4)^(11-$D6),1),0) | Q6: =IF(AND(12>=$D6,12<=$E6),$B6*IF($C6="SI",(1+Parámetros!$B$4)^(12-$D6),1),0) | R6: =SUM(F6:Q6)
A7: Transporte | B7: 0 | C7: SI | D7: 3 | E7: 12 | F7: =IF(AND(1>=$D7,1<=$E7),$B7*IF($C7="SI",(1+Parámetros!$B$4)^(1-$D7),1),0) | G7: =IF(AND(2>=$D7,2<=$E7),$B7*IF($C7="SI",(1+Parámetros!$B$4)^(2-$D7),1),0) | H7: =IF(AND(3>=$D7,3<=$E7),$B7*IF($C7="SI",(1+Parámetros!$B$4)^(3-$D7),1),0) | I7: =IF(AND(4>=$D7,4<=$E7),$B7*IF($C7="SI",(1+Parámetros!$B$4)^(4-$D7),1),0) | J7: =IF(AND(5>=$D7,5<=$E7),$B7*IF($C7="SI",(1+Parámetros!$B$4)^(5-$D7),1),0) | K7: =IF(AND(6>=$D7,6<=$E7),$B7*IF($C7="SI",(1+Parámetros!$B$4)^(6-$D7),1),0) | L7: =IF(AND(7>=$D7,7<=$E7),$B7*IF($C7="SI",(1+Parámetros!$B$4)^(7-$D7),1),0) | M7: =IF(AND(8>=$D7,8<=$E7),$B7*IF($C7="SI",(1+Parámetros!$B$4)^(8-$D7),1),0) | N7: =IF(AND(9>=$D7,9<=$E7),$B7*IF($C7="SI",(1+Parámetros!$B$4)^(9-$D7),1),0) | O7: =IF(AND(10>=$D7,10<=$E7),$B7*IF($C7="SI",(1+Parámetros!$B$4)^(10-$D7),1),0) | P7: =IF(AND(11>=$D7,11<=$E7),$B7*IF($C7="SI",(1+Parámetros!$B$4)^(11-$D7),1),0) | Q7: =IF(AND(12>=$D7,12<=$E7),$B7*IF($C7="SI",(1+Parámetros!$B$4)^(12-$D7),1),0) | R7: =SUM(F7:Q7)
A8: Comedor | B8: 0 | C8: NO | D8: 3 | E8: 12 | F8: =IF(AND(1>=$D8,1<=$E8),$B8*IF($C8="SI",(1+Parámetros!$B$4)^(1-$D8),1),0) | G8: =IF(AND(2>=$D8,2<=$E8),$B8*IF($C8="SI",(1+Parámetros!$B$4)^(2-$D8),1),0) | H8: =IF(AND(3>=$D8,3<=$E8),$B8*IF($C8="SI",(1+Parámetros!$B$4)^(3-$D8),1),0) | I8: =IF(AND(4>=$D8,4<=$E8),$B8*IF($C8="SI",(1+Parámetros!$B$4)^(4-$D8),1),0) | J8: =IF(AND(5>=$D8,5<=$E8),$B8*IF($C8="SI",(1+Parámetros!$B$4)^(5-$D8),1),0) | K8: =IF(AND(6>=$D8,6<=$E8),$B8*IF($C8="SI",(1+Parámetros!$B$4)^(6-$D8),1),0) | L8: =IF(AND(7>=$D8,7<=$E8),$B8*IF($C8="SI",(1+Parámetros!$B$4)^(7-$D8),1),0) | M8: =IF(AND(8>=$D8,8<=$E8),$B8*IF($C8="SI",(1+Parámetros!$B$4)^(8-$D8),1),0) | N8: =IF(AND(9>=$D8,9<=$E8),$B8*IF($C8="SI",(1+Parámetros!$B$4)^(9-$D8),1),0) | O8: =IF(AND(10>=$D8,10<=$E8),$B8*IF($C8="SI",(1+Parámetros!$B$4)^(10-$D8),1),0) | P8: =IF(AND(11>=$D8,11<=$E8),$B8*IF($C8="SI",(1+Parámetros!$B$4)^(11-$D8),1),0) | Q8: =IF(AND(12>=$D8,12<=$E8),$B8*IF($C8="SI",(1+Parámetros!$B$4)^(12-$D8),1),0) | R8: =SUM(F8:Q8)
A9: Actividades extra | B9: 0 | C9: NO | D9: 3 | E9: 11 | F9: =IF(AND(1>=$D9,1<=$E9),$B9*IF($C9="SI",(1+Parámetros!$B$4)^(1-$D9),1),0) | G9: =IF(AND(2>=$D9,2<=$E9),$B9*IF($C9="SI",(1+Parámetros!$B$4)^(2-$D9),1),0) | H9: =IF(AND(3>=$D9,3<=$E9),$B9*IF($C9="SI",(1+Parámetros!$B$4)^(3-$D9),1),0) | I9: =IF(AND(4>=$D9,4<=$E9),$B9*IF($C9="SI",(1+Parámetros!$B$4)^(4-$D9),1),0) | J9: =IF(AND(5>=$D9,5<=$E9),$B9*IF($C9="SI",(1+Parámetros!$B$4)^(5-$D9),1),0) | K9: =IF(AND(6>=$D9,6<=$E9),$B9*IF($C9="SI",(1+Parámetros!$B$4)^(6-$D9),1),0) | L9: =IF(AND(7>=$D9,7<=$E9),$B9*IF($C9="SI",(1+Parámetros!$B$4)^(7-$D9),1),0) | M9: =IF(AND(8>=$D9,8<=$E9),$B9*IF($C9="SI",(1+Parámetros!$B$4)^(8-$D9),1),0) | N9: =IF(AND(9>=$D9,9<=$E9),$B9*IF($C9="SI",(1+Parámetros!$B$4)^(9-$D9),1),0) | O9: =IF(AND(10>=$D9,10<=$E9),$B9*IF($C9="SI",(1+Parámetros!$B$4)^(10-$D9),1),0) | P9: =IF(AND(11>=$D9,11<=$E9),$B9*IF($C9="SI",(1+Parámetros!$B$4)^(11-$D9),1),0) | Q9: =IF(AND(12>=$D9,12<=$E9),$B9*IF($C9="SI",(1+Parámetros!$B$4)^(12-$D9),1),0) | R9: =SUM(F9:Q9)
A11: Gastos únicos (cargalos en su mes) | F11: Ene | G11: Feb | H11: Mar | I11: Abr | J11: May | K11: Jun | L11: Jul | M11: Ago | N11: Sep | O11: Oct | P11: Nov | Q11: Dic | R11: Total año
A12: Útiles y mochila | F12: 0 | G12: 0 | H12: 0 | I12: 0 | J12: 0 | K12: 0 | L12: 0 | M12: 0 | N12: 0 | O12: 0 | P12: 0 | Q12: 0 | R12: =SUM(F12:Q12)
A13: Uniforme y ropa | F13: 0 | G13: 0 | H13: 0 | I13: 0 | J13: 0 | K13: 0 | L13: 0 | M13: 0 | N13: 0 | O13: 0 | P13: 0 | Q13: 0 | R13: =SUM(F13:Q13)
A14: Calzado | F14: 0 | G14: 0 | H14: 0 | I14: 0 | J14: 0 | K14: 0 | L14: 0 | M14: 0 | N14: 0 | O14: 0 | P14: 0 | Q14: 0 | R14: =SUM(F14:Q14)
A15: Libros | F15: 0 | G15: 0 | H15: 0 | I15: 0 | J15: 0 | K15: 0 | L15: 0 | M15: 0 | N15: 0 | O15: 0 | P15: 0 | Q15: 0 | R15: =SUM(F15:Q15)
A16: Otros | F16: 0 | G16: 0 | H16: 0 | I16: 0 | J16: 0 | K16: 0 | L16: 0 | M16: 0 | N16: 0 | O16: 0 | P16: 0 | Q16: 0 | R16: =SUM(F16:Q16)
A18: TOTAL PRESUPUESTADO | F18: =SUM(F6:F9)+SUM(F12:F16) | G18: =SUM(G6:G9)+SUM(G12:G16) | H18: =SUM(H6:H9)+SUM(H12:H16) | I18: =SUM(I6:I9)+SUM(I12:I16) | J18: =SUM(J6:J9)+SUM(J12:J16) | K18: =SUM(K6:K9)+SUM(K12:K16) | L18: =SUM(L6:L9)+SUM(L12:L16) | M18: =SUM(M6:M9)+SUM(M12:M16) | ... R18: =SUM(R6:R9)+SUM(R12:R16)
A19: Gastado real | R19: =SUM(F19:Q19)
A20: Diferencia (presupuesto - real) | F20: =F18-F19 | G20: =G18-G19 | H20: =H18-H19 | I20: =I18-I19 | J20: =J18-J19 | K20: =K18-K19 | L20: =L18-L19 | M20: =M18-M19 | ... R20: =R18-R19

Sheet Resumen
A1: Resumen familiar
A2: Suma de los tres hijos
A4: Concepto | B4: Ene | C4: Feb | D4: Mar | E4: Abr | F4: May | G4: Jun | H4: Jul | I4: Ago | J4: Sep | K4: Oct | L4: Nov | M4: Dic | N4: Total año
A5: Presupuestado | B5: ='Hijo 1'!F18+'Hijo 2'!F18+'Hijo 3'!F18 | C5: ='Hijo 1'!G18+'Hijo 2'!G18+'Hijo 3'!G18 | D5: ='Hijo 1'!H18+'Hijo 2'!H18+'Hijo 3'!H18 | E5: ='Hijo 1'!I18+'Hijo 2'!I18+'Hijo 3'!I18 | F5: ='Hijo 1'!J18+'Hijo 2'!J18+'Hijo 3'!J18 | G5: ='Hijo 1'!K18+'Hijo 2'!K18+'Hijo 3'!K18 | H5: ='Hijo 1'!L18+'Hijo 2'!L18+'Hijo 3'!L18 | I5: ='Hijo 1'!M18+'Hijo 2'!M18+'Hijo 3'!M18 | ... N5: ='Hijo 1'!R18+'Hijo 2'!R18+'Hijo 3'!R18
A6: Gastado real | B6: ='Hijo 1'!F19+'Hijo 2'!F19+'Hijo 3'!F19 | C6: ='Hijo 1'!G19+'Hijo 2'!G19+'Hijo 3'!G19 | D6: ='Hijo 1'!H19+'Hijo 2'!H19+'Hijo 3'!H19 | E6: ='Hijo 1'!I19+'Hijo 2'!I19+'Hijo 3'!I19 | F6: ='Hijo 1'!J19+'Hijo 2'!J19+'Hijo 3'!J19 | G6: ='Hijo 1'!K19+'Hijo 2'!K19+'Hijo 3'!K19 | H6: ='Hijo 1'!L19+'Hijo 2'!L19+'Hijo 3'!L19 | I6: ='Hijo 1'!M19+'Hijo 2'!M19+'Hijo 3'!M19 | ... N6: ='Hijo 1'!R19+'Hijo 2'!R19+'Hijo 3'!R19
A7: Diferencia | B7: ='Hijo 1'!F20+'Hijo 2'!F20+'Hijo 3'!F20 | C7: ='Hijo 1'!G20+'Hijo 2'!G20+'Hijo 3'!G20 | D7: ='Hijo 1'!H20+'Hijo 2'!H20+'Hijo 3'!H20 | E7: ='Hijo 1'!I20+'Hijo 2'!I20+'Hijo 3'!I20 | F7: ='Hijo 1'!J20+'Hijo 2'!J20+'Hijo 3'!J20 | G7: ='Hijo 1'!K20+'Hijo 2'!K20+'Hijo 3'!K20 | H7: ='Hijo 1'!L20+'Hijo 2'!L20+'Hijo 3'!L20 | I7: ='Hijo 1'!M20+'Hijo 2'!M20+'Hijo 3'!M20 | ... N7: ='Hijo 1'!R20+'Hijo 2'!R20+'Hijo 3'!R20
