Workbook

Sheet Inicio
A1: Organizador del Hogar y Tareas
A2: Dejá de llevar toda la casa en la cabeza. Cada tarea que se repite, quién la hace y cuándo toca de nuevo, calculado solo. Funciona en Excel y Google Sheets.
A4: EMPEZÁ ACÁ (3 MINUTOS)
A5: 1. Ajustes: escribí el día en que empezás y los nombres de quienes viven en la casa (hasta 6). Podés editar la lista de ambientes.
A6: 2. Tareas: ya vienen cargadas unas 80 tareas comunes, agrupadas por ambiente, con su frecuencia (cada N días, semanas, meses o años) y los minutos que lleva cada una. Cambialas, borralas o agregá las tuyas. Las de mascotas vienen en No; pasalas a Sí si corresponde.
A7: 3. Elegí quién hace cada tarea en la columna Quién (opcional). Las tareas que nunca registraste se reparten a propósito a lo largo de su primer ciclo, para que el primer día no sea una montaña.
A8: 4. Hoy: tu lista de pendientes, ordenada por urgencia: atrasadas, hoy y próximos 7 días. Elegí una persona arriba para ver solo sus tareas.
A9: 5. Cuando terminás una tarea, anotá la fecha en la columna 'Última vez' de Tareas (Ctrl + ; inserta la de hoy). La próxima fecha se corre sola. El vínculo 'Marcar hecha' de Hoy te lleva a la celda correcta.
A11: IMPRIMILA
A12: Semana es una lista lista para imprimir con los próximos 7 días, una columna por día, casilleros para tildar, cantidad de tareas y minutos de trabajo por día. Está pensada para una hoja A4 / Carta horizontal.
A14: REPARTAN LA CARGA
A15: Hogar: minutos de trabajo por semana de cada persona, porcentaje del total, quién está por encima o por debajo de un reparto parejo, tareas atrasadas por persona y por ambiente, y quién tiene hoy la carga más liviana. Sirve para hablar con calma y con datos, sin pelear.
... A24: Herramienta de organización del hogar. No guarda nada fuera de tu archivo ni envía datos a ningún lado. Solo para uso personal; no se permite su reventa ni redistribución.

Sheet Hoy
A1: Hoy
A2: Lo que hay que hacer ahora, lo más urgente primero.
A3: Mostrar tareas de: | B3: Todos
B5: Atrasadas | C5: =SUMPRODUCT(('Tareas'!$L$6:$L$155="Atrasada")*((('Tareas'!$F$6:$F$155=$B$3)+($B$3='Ajustes'!$D$5))>0))
B6: Para hoy | C6: =SUMPRODUCT(('Tareas'!$L$6:$L$155="Hoy")*((('Tareas'!$F$6:$F$155=$B$3)+($B$3='Ajustes'!$D$5))>0))
B7: Próximas (7 días) | C7: =SUMPRODUCT(('Tareas'!$L$6:$L$155="Esta semana")*((('Tareas'!$F$6:$F$155=$B$3)+($B$3='Ajustes'!$D$5))>0))
B8: Minutos de trabajo hoy (atrasadas + hoy) | C8: =SUMPRODUCT((('Tareas'!$L$6:$L$155="Atrasada")+('Tareas'!$L$6:$L$155="Hoy"))*((('Tareas'!$F$6:$F$155=$B$3)+($B$3='Ajustes'!$D$5))>0)*'Tareas'!$E$6:$E$155)
B9: =IF(COUNT('Tareas'!$M$6:$M$155)=0,"Todo al día. Nada atrasado y nada para los próximos 7 días.","")
A10: Estado | B10: Tarea | C10: Ambiente | D10: Quién | E10: Min | F10: Vence | G10: Atraso / faltan | H10: Marcar hecha
A11: =IF($J11="","",INDEX('Tareas'!$L$6:$L$155,$J11)) | B11: =IF($J11="","",INDEX('Tareas'!$A$6:$A$155,$J11)) | C11: =IF($J11="","",INDEX('Tareas'!$B$6:$B$155,$J11)) | D11: =IF($J11="","",INDEX('Tareas'!$F$6:$F$155,$J11)&"") | E11: =IF($J11="","",INDEX('Tareas'!$E$6:$E$155,$J11)) | F11: =IF($J11="","",INDEX('Tareas'!$J$6:$J$155,$J11)) | G11: =IF($J11="","",IF(INDEX('Tareas'!$K$6:$K$155,$J11)<0,-INDEX('Tareas'!$K$6:$K$155,$J11)&" d de atraso",IF(INDEX('Tareas'!$K$6:$K$155,$J11)=0,"–",INDEX('Tareas'!$K$6:$K$155,$J11)&" d"))) | H11: =IF($J11="","",HYPERLINK("#'Tareas'!G"&($J11+5),"Marcar hecha ›")) | J11: =IFERROR(MATCH(SMALL('Tareas'!$M$6:$M$155,1),'Tareas'!$M$6:$M$155,0),"")
A12: =IF($J12="","",INDEX('Tareas'!$L$6:$L$155,$J12)) | B12: =IF($J12="","",INDEX('Tareas'!$A$6:$A$155,$J12)) | C12: =IF($J12="","",INDEX('Tareas'!$B$6:$B$155,$J12)) | D12: =IF($J12="","",INDEX('Tareas'!$F$6:$F$155,$J12)&"") | E12: =IF($J12="","",INDEX('Tareas'!$E$6:$E$155,$J12)) | F12: =IF($J12="","",INDEX('Tareas'!$J$6:$J$155,$J12)) | G12: =IF($J12="","",IF(INDEX('Tareas'!$K$6:$K$155,$J12)<0,-INDEX('Tareas'!$K$6:$K$155,$J12)&" d de atraso",IF(INDEX('Tareas'!$K$6:$K$155,$J12)=0,"–",INDEX('Tareas'!$K$6:$K$155,$J12)&" d"))) | H12: =IF($J12="","",HYPERLINK("#'Tareas'!G"&($J12+5),"Marcar hecha ›")) | J12: =IFERROR(MATCH(SMALL('Tareas'!$M$6:$M$155,2),'Tareas'!$M$6:$M$155,0),"")
A13: =IF($J13="","",INDEX('Tareas'!$L$6:$L$155,$J13)) | B13: =IF($J13="","",INDEX('Tareas'!$A$6:$A$155,$J13)) | C13: =IF($J13="","",INDEX('Tareas'!$B$6:$B$155,$J13)) | D13: =IF($J13="","",INDEX('Tareas'!$F$6:$F$155,$J13)&"") | E13: =IF($J13="","",INDEX('Tareas'!$E$6:$E$155,$J13)) | F13: =IF($J13="","",INDEX('Tareas'!$J$6:$J$155,$J13)) | G13: =IF($J13="","",IF(INDEX('Tareas'!$K$6:$K$155,$J13)<0,-INDEX('Tareas'!$K$6:$K$155,$J13)&" d de atraso",IF(INDEX('Tareas'!$K$6:$K$155,$J13)=0,"–",INDEX('Tareas'!$K$6:$K$155,$J13)&" d"))) | H13: =IF($J13="","",HYPERLINK("#'Tareas'!G"&($J13+5),"Marcar hecha ›")) | J13: =IFERROR(MATCH(SMALL('Tareas'!$M$6:$M$155,3),'Tareas'!$M$6:$M$155,0),"")
A14: =IF($J14="","",INDEX('Tareas'!$L$6:$L$155,$J14)) | B14: =IF($J14="","",INDEX('Tareas'!$A$6:$A$155,$J14)) | C14: =IF($J14="","",INDEX('Tareas'!$B$6:$B$155,$J14)) | D14: =IF($J14="","",INDEX('Tareas'!$F$6:$F$155,$J14)&"") | E14: =IF($J14="","",INDEX('Tareas'!$E$6:$E$155,$J14)) | F14: =IF($J14="","",INDEX('Tareas'!$J$6:$J$155,$J14)) | G14: =IF($J14="","",IF(INDEX('Tareas'!$K$6:$K$155,$J14)<0,-INDEX('Tareas'!$K$6:$K$155,$J14)&" d de atraso",IF(INDEX('Tareas'!$K$6:$K$155,$J14)=0,"–",INDEX('Tareas'!$K$6:$K$155,$J14)&" d"))) | H14: =IF($J14="","",HYPERLINK("#'Tareas'!G"&($J14+5),"Marcar hecha ›")) | J14: =IFERROR(MATCH(SMALL('Tareas'!$M$6:$M$155,4),'Tareas'!$M$6:$M$155,0),"")
A15: =IF($J15="","",INDEX('Tareas'!$L$6:$L$155,$J15)) | B15: =IF($J15="","",INDEX('Tareas'!$A$6:$A$155,$J15)) | C15: =IF($J15="","",INDEX('Tareas'!$B$6:$B$155,$J15)) | D15: =IF($J15="","",INDEX('Tareas'!$F$6:$F$155,$J15)&"") | E15: =IF($J15="","",INDEX('Tareas'!$E$6:$E$155,$J15)) | F15: =IF($J15="","",INDEX('Tareas'!$J$6:$J$155,$J15)) | G15: =IF($J15="","",IF(INDEX('Tareas'!$K$6:$K$155,$J15)<0,-INDEX('Tareas'!$K$6:$K$155,$J15)&" d de atraso",IF(INDEX('Tareas'!$K$6:$K$155,$J15)=0,"–",INDEX('Tareas'!$K$6:$K$155,$J15)&" d"))) | H15: =IF($J15="","",HYPERLINK("#'Tareas'!G"&($J15+5),"Marcar hecha ›")) | J15: =IFERROR(MATCH(SMALL('Tareas'!$M$6:$M$155,5),'Tareas'!$M$6:$M$155,0),"")
A16: =IF($J16="","",INDEX('Tareas'!$L$6:$L$155,$J16)) | B16: =IF($J16="","",INDEX('Tareas'!$A$6:$A$155,$J16)) | C16: =IF($J16="","",INDEX('Tareas'!$B$6:$B$155,$J16)) | D16: =IF($J16="","",INDEX('Tareas'!$F$6:$F$155,$J16)&"") | E16: =IF($J16="","",INDEX('Tareas'!$E$6:$E$155,$J16)) | F16: =IF($J16="","",INDEX('Tareas'!$J$6:$J$155,$J16)) | G16: =IF($J16="","",IF(INDEX('Tareas'!$K$6:$K$155,$J16)<0,-INDEX('Tareas'!$K$6:$K$155,$J16)&" d de atraso",IF(INDEX('Tareas'!$K$6:$K$155,$J16)=0,"–",INDEX('Tareas'!$K$6:$K$155,$J16)&" d"))) | H16: =IF($J16="","",HYPERLINK("#'Tareas'!G"&($J16+5),"Marcar hecha ›")) | J16: =IFERROR(MATCH(SMALL('Tareas'!$M$6:$M$155,6),'Tareas'!$M$6:$M$155,0),"")
A17: =IF($J17="","",INDEX('Tareas'!$L$6:$L$155,$J17)) | B17: =IF($J17="","",INDEX('Tareas'!$A$6:$A$155,$J17)) | C17: =IF($J17="","",INDEX('Tareas'!$B$6:$B$155,$J17)) | D17: =IF($J17="","",INDEX('Tareas'!$F$6:$F$155,$J17)&"") | E17: =IF($J17="","",INDEX('Tareas'!$E$6:$E$155,$J17)) | F17: =IF($J17="","",INDEX('Tareas'!$J$6:$J$155,$J17)) | G17: =IF($J17="","",IF(INDEX('Tareas'!$K$6:$K$155,$J17)<0,-INDEX('Tareas'!$K$6:$K$155,$J17)&" d de atraso",IF(INDEX('Tareas'!$K$6:$K$155,$J17)=0,"–",INDEX('Tareas'!$K$6:$K$155,$J17)&" d"))) | H17: =IF($J17="","",HYPERLINK("#'Tareas'!G"&($J17+5),"Marcar hecha ›")) | J17: =IFERROR(MATCH(SMALL('Tareas'!$M$6:$M$155,7),'Tareas'!$M$6:$M$155,0),"")
A18: =IF($J18="","",INDEX('Tareas'!$L$6:$L$155,$J18)) | B18: =IF($J18="","",INDEX('Tareas'!$A$6:$A$155,$J18)) | C18: =IF($J18="","",INDEX('Tareas'!$B$6:$B$155,$J18)) | D18: =IF($J18="","",INDEX('Tareas'!$F$6:$F$155,$J18)&"") | E18: =IF($J18="","",INDEX('Tareas'!$E$6:$E$155,$J18)) | F18: =IF($J18="","",INDEX('Tareas'!$J$6:$J$155,$J18)) | G18: =IF($J18="","",IF(INDEX('Tareas'!$K$6:$K$155,$J18)<0,-INDEX('Tareas'!$K$6:$K$155,$J18)&" d de atraso",IF(INDEX('Tareas'!$K$6:$K$155,$J18)=0,"–",INDEX('Tareas'!$K$6:$K$155,$J18)&" d"))) | H18: =IF($J18="","",HYPERLINK("#'Tareas'!G"&($J18+5),"Marcar hecha ›")) | J18: =IFERROR(MATCH(SMALL('Tareas'!$M$6:$M$155,8),'Tareas'!$M$6:$M$155,0),"")
A19: =IF($J19="","",INDEX('Tareas'!$L$6:$L$155,$J19)) | B19: =IF($J19="","",INDEX('Tareas'!$A$6:$A$155,$J19)) | C19: =IF($J19="","",INDEX('Tareas'!$B$6:$B$155,$J19)) | D19: =IF($J19="","",INDEX('Tareas'!$F$6:$F$155,$J19)&"") | E19: =IF($J19="","",INDEX('Tareas'!$E$6:$E$155,$J19)) | F19: =IF($J19="","",INDEX('Tareas'!$J$6:$J$155,$J19)) | G19: =IF($J19="","",IF(INDEX('Tareas'!$K$6:$K$155,$J19)<0,-INDEX('Tareas'!$K$6:$K$155,$J19)&" d de atraso",IF(INDEX('Tareas'!$K$6:$K$155,$J19)=0,"–",INDEX('Tareas'!$K$6:$K$155,$J19)&" d"))) | H19: =IF($J19="","",HYPERLINK("#'Tareas'!G"&($J19+5),"Marcar hecha ›")) | J19: =IFERROR(MATCH(SMALL('Tareas'!$M$6:$M$155,9),'Tareas'!$M$6:$M$155,0),"")
A20: =IF($J20="","",INDEX('Tareas'!$L$6:$L$155,$J20)) | B20: =IF($J20="","",INDEX('Tareas'!$A$6:$A$155,$J20)) | C20: =IF($J20="","",INDEX('Tareas'!$B$6:$B$155,$J20)) | D20: =IF($J20="","",INDEX('Tareas'!$F$6:$F$155,$J20)&"") | E20: =IF($J20="","",INDEX('Tareas'!$E$6:$E$155,$J20)) | F20: =IF($J20="","",INDEX('Tareas'!$J$6:$J$155,$J20)) | G20: =IF($J20="","",IF(INDEX('Tareas'!$K$6:$K$155,$J20)<0,-INDEX('Tareas'!$K$6:$K$155,$J20)&" d de atraso",IF(INDEX('Tareas'!$K$6:$K$155,$J20)=0,"–",INDEX('Tareas'!$K$6:$K$155,$J20)&" d"))) | H20: =IF($J20="","",HYPERLINK("#'Tareas'!G"&($J20+5),"Marcar hecha ›")) | J20: =IFERROR(MATCH(SMALL('Tareas'!$M$6:$M$155,10),'Tareas'!$M$6:$M$155,0),"")
A21: =IF($J21="","",INDEX('Tareas'!$L$6:$L$155,$J21)) | B21: =IF($J21="","",INDEX('Tareas'!$A$6:$A$155,$J21)) | C21: =IF($J21="","",INDEX('Tareas'!$B$6:$B$155,$J21)) | D21: =IF($J21="","",INDEX('Tareas'!$F$6:$F$155,$J21)&"") | E21: =IF($J21="","",INDEX('Tareas'!$E$6:$E$155,$J21)) | F21: =IF($J21="","",INDEX('Tareas'!$J$6:$J$155,$J21)) | G21: =IF($J21="","",IF(INDEX('Tareas'!$K$6:$K$155,$J21)<0,-INDEX('Tareas'!$K$6:$K$155,$J21)&" d de atraso",IF(INDEX('Tareas'!$K$6:$K$155,$J21)=0,"–",INDEX('Tareas'!$K$6:$K$155,$J21)&" d"))) | H21: =IF($J21="","",HYPERLINK("#'Tareas'!G"&($J21+5),"Marcar hecha ›")) | J21: =IFERROR(MATCH(SMALL('Tareas'!$M$6:$M$155,11),'Tareas'!$M$6:$M$155,0),"")
A22: =IF($J22="","",INDEX('Tareas'!$L$6:$L$155,$J22)) | B22: =IF($J22="","",INDEX('Tareas'!$A$6:$A$155,$J22)) | C22: =IF($J22="","",INDEX('Tareas'!$B$6:$B$155,$J22)) | D22: =IF($J22="","",INDEX('Tareas'!$F$6:$F$155,$J22)&"") | E22: =IF($J22="","",INDEX('Tareas'!$E$6:$E$155,$J22)) | F22: =IF($J22="","",INDEX('Tareas'!$J$6:$J$155,$J22)) | G22: =IF($J22="","",IF(INDEX('Tareas'!$K$6:$K$155,$J22)<0,-INDEX('Tareas'!$K$6:$K$155,$J22)&" d de atraso",IF(INDEX('Tareas'!$K$6:$K$155,$J22)=0,"–",INDEX('Tareas'!$K$6:$K$155,$J22)&" d"))) | H22: =IF($J22="","",HYPERLINK("#'Tareas'!G"&($J22+5),"Marcar hecha ›")) | J22: =IFERROR(MATCH(SMALL('Tareas'!$M$6:$M$155,12),'Tareas'!$M$6:$M$155,0),"")
A23: =IF($J23="","",INDEX('Tareas'!$L$6:$L$155,$J23)) | B23: =IF($J23="","",INDEX('Tareas'!$A$6:$A$155,$J23)) | C23: =IF($J23="","",INDEX('Tareas'!$B$6:$B$155,$J23)) | D23: =IF($J23="","",INDEX('Tareas'!$F$6:$F$155,$J23)&"") | E23: =IF($J23="","",INDEX('Tareas'!$E$6:$E$155,$J23)) | F23: =IF($J23="","",INDEX('Tareas'!$J$6:$J$155,$J23)) | G23: =IF($J23="","",IF(INDEX('Tareas'!$K$6:$K$155,$J23)<0,-INDEX('Tareas'!$K$6:$K$155,$J23)&" d de atraso",IF(INDEX('Tareas'!$K$6:$K$155,$J23)=0,"–",INDEX('Tareas'!$K$6:$K$155,$J23)&" d"))) | H23: =IF($J23="","",HYPERLINK("#'Tareas'!G"&($J23+5),"Marcar hecha ›")) | J23: =IFERROR(MATCH(SMALL('Tareas'!$M$6:$M$155,13),'Tareas'!$M$6:$M$155,0),"")
A24: =IF($J24="","",INDEX('Tareas'!$L$6:$L$155,$J24)) | B24: =IF($J24="","",INDEX('Tareas'!$A$6:$A$155,$J24)) | C24: =IF($J24="","",INDEX('Tareas'!$B$6:$B$155,$J24)) | D24: =IF($J24="","",INDEX('Tareas'!$F$6:$F$155,$J24)&"") | E24: =IF($J24="","",INDEX('Tareas'!$E$6:$E$155,$J24)) | F24: =IF($J24="","",INDEX('Tareas'!$J$6:$J$155,$J24)) | G24: =IF($J24="","",IF(INDEX('Tareas'!$K$6:$K$155,$J24)<0,-INDEX('Tareas'!$K$6:$K$155,$J24)&" d de atraso",IF(INDEX('Tareas'!$K$6:$K$155,$J24)=0,"–",INDEX('Tareas'!$K$6:$K$155,$J24)&" d"))) | H24: =IF($J24="","",HYPERLINK("#'Tareas'!G"&($J24+5),"Marcar hecha ›")) | J24: =IFERROR(MATCH(SMALL('Tareas'!$M$6:$M$155,14),'Tareas'!$M$6:$M$155,0),"")
A25: =IF($J25="","",INDEX('Tareas'!$L$6:$L$155,$J25)) | B25: =IF($J25="","",INDEX('Tareas'!$A$6:$A$155,$J25)) | C25: =IF($J25="","",INDEX('Tareas'!$B$6:$B$155,$J25)) | D25: =IF($J25="","",INDEX('Tareas'!$F$6:$F$155,$J25)&"") | E25: =IF($J25="","",INDEX('Tareas'!$E$6:$E$155,$J25)) | F25: =IF($J25="","",INDEX('Tareas'!$J$6:$J$155,$J25)) | G25: =IF($J25="","",IF(INDEX('Tareas'!$K$6:$K$155,$J25)<0,-INDEX('Tareas'!$K$6:$K$155,$J25)&" d de atraso",IF(INDEX('Tareas'!$K$6:$K$155,$J25)=0,"–",INDEX('Tareas'!$K$6:$K$155,$J25)&" d"))) | H25: =IF($J25="","",HYPERLINK("#'Tareas'!G"&($J25+5),"Marcar hecha ›")) | J25: =IFERROR(MATCH(SMALL('Tareas'!$M$6:$M$155,15),'Tareas'!$M$6:$M$155,0),"")
A26: =IF($J26="","",INDEX('Tareas'!$L$6:$L$155,$J26)) | B26: =IF($J26="","",INDEX('Tareas'!$A$6:$A$155,$J26)) | C26: =IF($J26="","",INDEX('Tareas'!$B$6:$B$155,$J26)) | D26: =IF($J26="","",INDEX('Tareas'!$F$6:$F$155,$J26)&"") | E26: =IF($J26="","",INDEX('Tareas'!$E$6:$E$155,$J26)) | F26: =IF($J26="","",INDEX('Tareas'!$J$6:$J$155,$J26)) | G26: =IF($J26="","",IF(INDEX('Tareas'!$K$6:$K$155,$J26)<0,-INDEX('Tareas'!$K$6:$K$155,$J26)&" d de atraso",IF(INDEX('Tareas'!$K$6:$K$155,$J26)=0,"–",INDEX('Tareas'!$K$6:$K$155,$J26)&" d"))) | H26: =IF($J26="","",HYPERLINK("#'Tareas'!G"&($J26+5),"Marcar hecha ›")) | J26: =IFERROR(MATCH(SMALL('Tareas'!$M$6:$M$155,16),'Tareas'!$M$6:$M$155,0),"")
A27: =IF($J27="","",INDEX('Tareas'!$L$6:$L$155,$J27)) | B27: =IF($J27="","",INDEX('Tareas'!$A$6:$A$155,$J27)) | C27: =IF($J27="","",INDEX('Tareas'!$B$6:$B$155,$J27)) | D27: =IF($J27="","",INDEX('Tareas'!$F$6:$F$155,$J27)&"") | E27: =IF($J27="","",INDEX('Tareas'!$E$6:$E$155,$J27)) | F27: =IF($J27="","",INDEX('Tareas'!$J$6:$J$155,$J27)) | G27: =IF($J27="","",IF(INDEX('Tareas'!$K$6:$K$155,$J27)<0,-INDEX('Tareas'!$K$6:$K$155,$J27)&" d de atraso",IF(INDEX('Tareas'!$K$6:$K$155,$J27)=0,"–",INDEX('Tareas'!$K$6:$K$155,$J27)&" d"))) | H27: =IF($J27="","",HYPERLINK("#'Tareas'!G"&($J27+5),"Marcar hecha ›")) | J27: =IFERROR(MATCH(SMALL('Tareas'!$M$6:$M$155,17),'Tareas'!$M$6:$M$155,0),"")
A28: =IF($J28="","",INDEX('Tareas'!$L$6:$L$155,$J28)) | B28: =IF($J28="","",INDEX('Tareas'!$A$6:$A$155,$J28)) | C28: =IF($J28="","",INDEX('Tareas'!$B$6:$B$155,$J28)) | D28: =IF($J28="","",INDEX('Tareas'!$F$6:$F$155,$J28)&"") | E28: =IF($J28="","",INDEX('Tareas'!$E$6:$E$155,$J28)) | F28: =IF($J28="","",INDEX('Tareas'!$J$6:$J$155,$J28)) | G28: =IF($J28="","",IF(INDEX('Tareas'!$K$6:$K$155,$J28)<0,-INDEX('Tareas'!$K$6:$K$155,$J28)&" d de atraso",IF(INDEX('Tareas'!$K$6:$K$155,$J28)=0,"–",INDEX('Tareas'!$K$6:$K$155,$J28)&" d"))) | H28: =IF($J28="","",HYPERLINK("#'Tareas'!G"&($J28+5),"Marcar hecha ›")) | J28: =IFERROR(MATCH(SMALL('Tareas'!$M$6:$M$155,18),'Tareas'!$M$6:$M$155,0),"")
A29: =IF($J29="","",INDEX('Tareas'!$L$6:$L$155,$J29)) | B29: =IF($J29="","",INDEX('Tareas'!$A$6:$A$155,$J29)) | C29: =IF($J29="","",INDEX('Tareas'!$B$6:$B$155,$J29)) | D29: =IF($J29="","",INDEX('Tareas'!$F$6:$F$155,$J29)&"") | E29: =IF($J29="","",INDEX('Tareas'!$E$6:$E$155,$J29)) | F29: =IF($J29="","",INDEX('Tareas'!$J$6:$J$155,$J29)) | G29: =IF($J29="","",IF(INDEX('Tareas'!$K$6:$K$155,$J29)<0,-INDEX('Tareas'!$K$6:$K$155,$J29)&" d de atraso",IF(INDEX('Tareas'!$K$6:$K$155,$J29)=0,"–",INDEX('Tareas'!$K$6:$K$155,$J29)&" d"))) | H29: =IF($J29="","",HYPERLINK("#'Tareas'!G"&($J29+5),"Marcar hecha ›")) | J29: =IFERROR(MATCH(SMALL('Tareas'!$M$6:$M$155,19),'Tareas'!$M$6:$M$155,0),"")
A30: =IF($J30="","",INDEX('Tareas'!$L$6:$L$155,$J30)) | B30: =IF($J30="","",INDEX('Tareas'!$A$6:$A$155,$J30)) | C30: =IF($J30="","",INDEX('Tareas'!$B$6:$B$155,$J30)) | D30: =IF($J30="","",INDEX('Tareas'!$F$6:$F$155,$J30)&"") | E30: =IF($J30="","",INDEX('Tareas'!$E$6:$E$155,$J30)) | F30: =IF($J30="","",INDEX('Tareas'!$J$6:$J$155,$J30)) | G30: =IF($J30="","",IF(INDEX('Tareas'!$K$6:$K$155,$J30)<0,-INDEX('Tareas'!$K$6:$K$155,$J30)&" d de atraso",IF(INDEX('Tareas'!$K$6:$K$155,$J30)=0,"–",INDEX('Tareas'!$K$6:$K$155,$J30)&" d"))) | H30: =IF($J30="","",HYPERLINK("#'Tareas'!G"&($J30+5),"Marcar hecha ›")) | J30: =IFERROR(MATCH(SMALL('Tareas'!$M$6:$M$155,20),'Tareas'!$M$6:$M$155,0),"")
A31: =IF($J31="","",INDEX('Tareas'!$L$6:$L$155,$J31)) | B31: =IF($J31="","",INDEX('Tareas'!$A$6:$A$155,$J31)) | C31: =IF($J31="","",INDEX('Tareas'!$B$6:$B$155,$J31)) | D31: =IF($J31="","",INDEX('Tareas'!$F$6:$F$155,$J31)&"") | E31: =IF($J31="","",INDEX('Tareas'!$E$6:$E$155,$J31)) | F31: =IF($J31="","",INDEX('Tareas'!$J$6:$J$155,$J31)) | G31: =IF($J31="","",IF(INDEX('Tareas'!$K$6:$K$155,$J31)<0,-INDEX('Tareas'!$K$6:$K$155,$J31)&" d de atraso",IF(INDEX('Tareas'!$K$6:$K$155,$J31)=0,"–",INDEX('Tareas'!$K$6:$K$155,$J31)&" d"))) | H31: =IF($J31="","",HYPERLINK("#'Tareas'!G"&($J31+5),"Marcar hecha ›")) | J31: =IFERROR(MATCH(SMALL('Tareas'!$M$6:$M$155,21),'Tareas'!$M$6:$M$155,0),"")
A32: =IF($J32="","",INDEX('Tareas'!$L$6:$L$155,$J32)) | B32: =IF($J32="","",INDEX('Tareas'!$A$6:$A$155,$J32)) | C32: =IF($J32="","",INDEX('Tareas'!$B$6:$B$155,$J32)) | D32: =IF($J32="","",INDEX('Tareas'!$F$6:$F$155,$J32)&"") | E32: =IF($J32="","",INDEX('Tareas'!$E$6:$E$155,$J32)) | F32: =IF($J32="","",INDEX('Tareas'!$J$6:$J$155,$J32)) | G32: =IF($J32="","",IF(INDEX('Tareas'!$K$6:$K$155,$J32)<0,-INDEX('Tareas'!$K$6:$K$155,$J32)&" d de atraso",IF(INDEX('Tareas'!$K$6:$K$155,$J32)=0,"–",INDEX('Tareas'!$K$6:$K$155,$J32)&" d"))) | H32: =IF($J32="","",HYPERLINK("#'Tareas'!G"&($J32+5),"Marcar hecha ›")) | J32: =IFERROR(MATCH(SMALL('Tareas'!$M$6:$M$155,22),'Tareas'!$M$6:$M$155,0),"")
A33: =IF($J33="","",INDEX('Tareas'!$L$6:$L$155,$J33)) | B33: =IF($J33="","",INDEX('Tareas'!$A$6:$A$155,$J33)) | C33: =IF($J33="","",INDEX('Tareas'!$B$6:$B$155,$J33)) | D33: =IF($J33="","",INDEX('Tareas'!$F$6:$F$155,$J33)&"") | E33: =IF($J33="","",INDEX('Tareas'!$E$6:$E$155,$J33)) | F33: =IF($J33="","",INDEX('Tareas'!$J$6:$J$155,$J33)) | G33: =IF($J33="","",IF(INDEX('Tareas'!$K$6:$K$155,$J33)<0,-INDEX('Tareas'!$K$6:$K$155,$J33)&" d de atraso",IF(INDEX('Tareas'!$K$6:$K$155,$J33)=0,"–",INDEX('Tareas'!$K$6:$K$155,$J33)&" d"))) | H33: =IF($J33="","",HYPERLINK("#'Tareas'!G"&($J33+5),"Marcar hecha ›")) | J33: =IFERROR(MATCH(SMALL('Tareas'!$M$6:$M$155,23),'Tareas'!$M$6:$M$155,0),"")
A34: =IF($J34="","",INDEX('Tareas'!$L$6:$L$155,$J34)) | B34: =IF($J34="","",INDEX('Tareas'!$A$6:$A$155,$J34)) | C34: =IF($J34="","",INDEX('Tareas'!$B$6:$B$155,$J34)) | D34: =IF($J34="","",INDEX('Tareas'!$F$6:$F$155,$J34)&"") | E34: =IF($J34="","",INDEX('Tareas'!$E$6:$E$155,$J34)) | F34: =IF($J34="","",INDEX('Tareas'!$J$6:$J$155,$J34)) | G34: =IF($J34="","",IF(INDEX('Tareas'!$K$6:$K$155,$J34)<0,-INDEX('Tareas'!$K$6:$K$155,$J34)&" d de atraso",IF(INDEX('Tareas'!$K$6:$K$155,$J34)=0,"–",INDEX('Tareas'!$K$6:$K$155,$J34)&" d"))) | H34: =IF($J34="","",HYPERLINK("#'Tareas'!G"&($J34+5),"Marcar hecha ›")) | J34: =IFERROR(MATCH(SMALL('Tareas'!$M$6:$M$155,24),'Tareas'!$M$6:$M$155,0),"")
A35: =IF($J35="","",INDEX('Tareas'!$L$6:$L$155,$J35)) | B35: =IF($J35="","",INDEX('Tareas'!$A$6:$A$155,$J35)) | C35: =IF($J35="","",INDEX('Tareas'!$B$6:$B$155,$J35)) | D35: =IF($J35="","",INDEX('Tareas'!$F$6:$F$155,$J35)&"") | E35: =IF($J35="","",INDEX('Tareas'!$E$6:$E$155,$J35)) | F35: =IF($J35="","",INDEX('Tareas'!$J$6:$J$155,$J35)) | G35: =IF($J35="","",IF(INDEX('Tareas'!$K$6:$K$155,$J35)<0,-INDEX('Tareas'!$K$6:$K$155,$J35)&" d de atraso",IF(INDEX('Tareas'!$K$6:$K$155,$J35)=0,"–",INDEX('Tareas'!$K$6:$K$155,$J35)&" d"))) | H35: =IF($J35="","",HYPERLINK("#'Tareas'!G"&($J35+5),"Marcar hecha ›")) | J35: =IFERROR(MATCH(SMALL('Tareas'!$M$6:$M$155,25),'Tareas'!$M$6:$M$155,0),"")
A36: =IF($J36="","",INDEX('Tareas'!$L$6:$L$155,$J36)) | B36: =IF($J36="","",INDEX('Tareas'!$A$6:$A$155,$J36)) | C36: =IF($J36="","",INDEX('Tareas'!$B$6:$B$155,$J36)) | D36: =IF($J36="","",INDEX('Tareas'!$F$6:$F$155,$J36)&"") | E36: =IF($J36="","",INDEX('Tareas'!$E$6:$E$155,$J36)) | F36: =IF($J36="","",INDEX('Tareas'!$J$6:$J$155,$J36)) | G36: =IF($J36="","",IF(INDEX('Tareas'!$K$6:$K$155,$J36)<0,-INDEX('Tareas'!$K$6:$K$155,$J36)&" d de atraso",IF(INDEX('Tareas'!$K$6:$K$155,$J36)=0,"–",INDEX('Tareas'!$K$6:$K$155,$J36)&" d"))) | H36: =IF($J36="","",HYPERLINK("#'Tareas'!G"&($J36+5),"Marcar hecha ›")) | J36: =IFERROR(MATCH(SMALL('Tareas'!$M$6:$M$155,26),'Tareas'!$M$6:$M$155,0),"")
A37: =IF($J37="","",INDEX('Tareas'!$L$6:$L$155,$J37)) | B37: =IF($J37="","",INDEX('Tareas'!$A$6:$A$155,$J37)) | C37: =IF($J37="","",INDEX('Tareas'!$B$6:$B$155,$J37)) | D37: =IF($J37="","",INDEX('Tareas'!$F$6:$F$155,$J37)&"") | E37: =IF($J37="","",INDEX('Tareas'!$E$6:$E$155,$J37)) | F37: =IF($J37="","",INDEX('Tareas'!$J$6:$J$155,$J37)) | G37: =IF($J37="","",IF(INDEX('Tareas'!$K$6:$K$155,$J37)<0,-INDEX('Tareas'!$K$6:$K$155,$J37)&" d de atraso",IF(INDEX('Tareas'!$K$6:$K$155,$J37)=0,"–",INDEX('Tareas'!$K$6:$K$155,$J37)&" d"))) | H37: =IF($J37="","",HYPERLINK("#'Tareas'!G"&($J37+5),"Marcar hecha ›")) | J37: =IFERROR(MATCH(SMALL('Tareas'!$M$6:$M$155,27),'Tareas'!$M$6:$M$155,0),"")
A38: =IF($J38="","",INDEX('Tareas'!$L$6:$L$155,$J38)) | B38: =IF($J38="","",INDEX('Tareas'!$A$6:$A$155,$J38)) | C38: =IF($J38="","",INDEX('Tareas'!$B$6:$B$155,$J38)) | D38: =IF($J38="","",INDEX('Tareas'!$F$6:$F$155,$J38)&"") | E38: =IF($J38="","",INDEX('Tareas'!$E$6:$E$155,$J38)) | F38: =IF($J38="","",INDEX('Tareas'!$J$6:$J$155,$J38)) | G38: =IF($J38="","",IF(INDEX('Tareas'!$K$6:$K$155,$J38)<0,-INDEX('Tareas'!$K$6:$K$155,$J38)&" d de atraso",IF(INDEX('Tareas'!$K$6:$K$155,$J38)=0,"–",INDEX('Tareas'!$K$6:$K$155,$J38)&" d"))) | H38: =IF($J38="","",HYPERLINK("#'Tareas'!G"&($J38+5),"Marcar hecha ›")) | J38: =IFERROR(MATCH(SMALL('Tareas'!$M$6:$M$155,28),'Tareas'!$M$6:$M$155,0),"")
A39: =IF($J39="","",INDEX('Tareas'!$L$6:$L$155,$J39)) | B39: =IF($J39="","",INDEX('Tareas'!$A$6:$A$155,$J39)) | C39: =IF($J39="","",INDEX('Tareas'!$B$6:$B$155,$J39)) | D39: =IF($J39="","",INDEX('Tareas'!$F$6:$F$155,$J39)&"") | E39: =IF($J39="","",INDEX('Tareas'!$E$6:$E$155,$J39)) | F39: =IF($J39="","",INDEX('Tareas'!$J$6:$J$155,$J39)) | G39: =IF($J39="","",IF(INDEX('Tareas'!$K$6:$K$155,$J39)<0,-INDEX('Tareas'!$K$6:$K$155,$J39)&" d de atraso",IF(INDEX('Tareas'!$K$6:$K$155,$J39)=0,"–",INDEX('Tareas'!$K$6:$K$155,$J39)&" d"))) | H39: =IF($J39="","",HYPERLINK("#'Tareas'!G"&($J39+5),"Marcar hecha ›")) | J39: =IFERROR(MATCH(SMALL('Tareas'!$M$6:$M$155,29),'Tareas'!$M$6:$M$155,0),"")
A40: =IF($J40="","",INDEX('Tareas'!$L$6:$L$155,$J40)) | B40: =IF($J40="","",INDEX('Tareas'!$A$6:$A$155,$J40)) | C40: =IF($J40="","",INDEX('Tareas'!$B$6:$B$155,$J40)) | D40: =IF($J40="","",INDEX('Tareas'!$F$6:$F$155,$J40)&"") | E40: =IF($J40="","",INDEX('Tareas'!$E$6:$E$155,$J40)) | F40: =IF($J40="","",INDEX('Tareas'!$J$6:$J$155,$J40)) | G40: =IF($J40="","",IF(INDEX('Tareas'!$K$6:$K$155,$J40)<0,-INDEX('Tareas'!$K$6:$K$155,$J40)&" d de atraso",IF(INDEX('Tareas'!$K$6:$K$155,$J40)=0,"–",INDEX('Tareas'!$K$6:$K$155,$J40)&" d"))) | H40: =IF($J40="","",HYPERLINK("#'Tareas'!G"&($J40+5),"Marcar hecha ›")) | J40: =IFERROR(MATCH(SMALL('Tareas'!$M$6:$M$155,30),'Tareas'!$M$6:$M$155,0),"")
A41: =IF($J41="","",INDEX('Tareas'!$L$6:$L$155,$J41)) | B41: =IF($J41="","",INDEX('Tareas'!$A$6:$A$155,$J41)) | C41: =IF($J41="","",INDEX('Tareas'!$B$6:$B$155,$J41)) | D41: =IF($J41="","",INDEX('Tareas'!$F$6:$F$155,$J41)&"") | E41: =IF($J41="","",INDEX('Tareas'!$E$6:$E$155,$J41)) | F41: =IF($J41="","",INDEX('Tareas'!$J$6:$J$155,$J41)) | G41: =IF($J41="","",IF(INDEX('Tareas'!$K$6:$K$155,$J41)<0,-INDEX('Tareas'!$K$6:$K$155,$J41)&" d de atraso",IF(INDEX('Tareas'!$K$6:$K$155,$J41)=0,"–",INDEX('Tareas'!$K$6:$K$155,$J41)&" d"))) | H41: =IF($J41="","",HYPERLINK("#'Tareas'!G"&($J41+5),"Marcar hecha ›")) | J41: =IFERROR(MATCH(SMALL('Tareas'!$M$6:$M$155,31),'Tareas'!$M$6:$M$155,0),"")
A42: =IF($J42="","",INDEX('Tareas'!$L$6:$L$155,$J42)) | B42: =IF($J42="","",INDEX('Tareas'!$A$6:$A$155,$J42)) | C42: =IF($J42="","",INDEX('Tareas'!$B$6:$B$155,$J42)) | D42: =IF($J42="","",INDEX('Tareas'!$F$6:$F$155,$J42)&"") | E42: =IF($J42="","",INDEX('Tareas'!$E$6:$E$155,$J42)) | F42: =IF($J42="","",INDEX('Tareas'!$J$6:$J$155,$J42)) | G42: =IF($J42="","",IF(INDEX('Tareas'!$K$6:$K$155,$J42)<0,-INDEX('Tareas'!$K$6:$K$155,$J42)&" d de atraso",IF(INDEX('Tareas'!$K$6:$K$155,$J42)=0,"–",INDEX('Tareas'!$K$6:$K$155,$J42)&" d"))) | H42: =IF($J42="","",HYPERLINK("#'Tareas'!G"&($J42+5),"Marcar hecha ›")) | J42: =IFERROR(MATCH(SMALL('Tareas'!$M$6:$M$155,32),'Tareas'!$M$6:$M$155,0),"")
A43: =IF($J43="","",INDEX('Tareas'!$L$6:$L$155,$J43)) | B43: =IF($J43="","",INDEX('Tareas'!$A$6:$A$155,$J43)) | C43: =IF($J43="","",INDEX('Tareas'!$B$6:$B$155,$J43)) | D43: =IF($J43="","",INDEX('Tareas'!$F$6:$F$155,$J43)&"") | E43: =IF($J43="","",INDEX('Tareas'!$E$6:$E$155,$J43)) | F43: =IF($J43="","",INDEX('Tareas'!$J$6:$J$155,$J43)) | G43: =IF($J43="","",IF(INDEX('Tareas'!$K$6:$K$155,$J43)<0,-INDEX('Tareas'!$K$6:$K$155,$J43)&" d de atraso",IF(INDEX('Tareas'!$K$6:$K$155,$J43)=0,"–",INDEX('Tareas'!$K$6:$K$155,$J43)&" d"))) | H43: =IF($J43="","",HYPERLINK("#'Tareas'!G"&($J43+5),"Marcar hecha ›")) | J43: =IFERROR(MATCH(SMALL('Tareas'!$M$6:$M$155,33),'Tareas'!$M$6:$M$155,0),"")
A44: =IF($J44="","",INDEX('Tareas'!$L$6:$L$155,$J44)) | B44: =IF($J44="","",INDEX('Tareas'!$A$6:$A$155,$J44)) | C44: =IF($J44="","",INDEX('Tareas'!$B$6:$B$155,$J44)) | D44: =IF($J44="","",INDEX('Tareas'!$F$6:$F$155,$J44)&"") | E44: =IF($J44="","",INDEX('Tareas'!$E$6:$E$155,$J44)) | F44: =IF($J44="","",INDEX('Tareas'!$J$6:$J$155,$J44)) | G44: =IF($J44="","",IF(INDEX('Tareas'!$K$6:$K$155,$J44)<0,-INDEX('Tareas'!$K$6:$K$155,$J44)&" d de atraso",IF(INDEX('Tareas'!$K$6:$K$155,$J44)=0,"–",INDEX('Tareas'!$K$6:$K$155,$J44)&" d"))) | H44: =IF($J44="","",HYPERLINK("#'Tareas'!G"&($J44+5),"Marcar hecha ›")) | J44: =IFERROR(MATCH(SMALL('Tareas'!$M$6:$M$155,34),'Tareas'!$M$6:$M$155,0),"")
A45: =IF($J45="","",INDEX('Tareas'!$L$6:$L$155,$J45)) | B45: =IF($J45="","",INDEX('Tareas'!$A$6:$A$155,$J45)) | C45: =IF($J45="","",INDEX('Tareas'!$B$6:$B$155,$J45)) | D45: =IF($J45="","",INDEX('Tareas'!$F$6:$F$155,$J45)&"") | E45: =IF($J45="","",INDEX('Tareas'!$E$6:$E$155,$J45)) | F45: =IF($J45="","",INDEX('Tareas'!$J$6:$J$155,$J45)) | G45: =IF($J45="","",IF(INDEX('Tareas'!$K$6:$K$155,$J45)<0,-INDEX('Tareas'!$K$6:$K$155,$J45)&" d de atraso",IF(INDEX('Tareas'!$K$6:$K$155,$J45)=0,"–",INDEX('Tareas'!$K$6:$K$155,$J45)&" d"))) | H45: =IF($J45="","",HYPERLINK("#'Tareas'!G"&($J45+5),"Marcar hecha ›")) | J45: =IFERROR(MATCH(SMALL('Tareas'!$M$6:$M$155,35),'Tareas'!$M$6:$M$155,0),"")
A46: =IF($J46="","",INDEX('Tareas'!$L$6:$L$155,$J46)) | B46: =IF($J46="","",INDEX('Tareas'!$A$6:$A$155,$J46)) | C46: =IF($J46="","",INDEX('Tareas'!$B$6:$B$155,$J46)) | D46: =IF($J46="","",INDEX('Tareas'!$F$6:$F$155,$J46)&"") | E46: =IF($J46="","",INDEX('Tareas'!$E$6:$E$155,$J46)) | F46: =IF($J46="","",INDEX('Tareas'!$J$6:$J$155,$J46)) | G46: =IF($J46="","",IF(INDEX('Tareas'!$K$6:$K$155,$J46)<0,-INDEX('Tareas'!$K$6:$K$155,$J46)&" d de atraso",IF(INDEX('Tareas'!$K$6:$K$155,$J46)=0,"–",INDEX('Tareas'!$K$6:$K$155,$J46)&" d"))) | H46: =IF($J46="","",HYPERLINK("#'Tareas'!G"&($J46+5),"Marcar hecha ›")) | J46: =IFERROR(MATCH(SMALL('Tareas'!$M$6:$M$155,36),'Tareas'!$M$6:$M$155,0),"")
A47: =IF($J47="","",INDEX('Tareas'!$L$6:$L$155,$J47)) | B47: =IF($J47="","",INDEX('Tareas'!$A$6:$A$155,$J47)) | C47: =IF($J47="","",INDEX('Tareas'!$B$6:$B$155,$J47)) | D47: =IF($J47="","",INDEX('Tareas'!$F$6:$F$155,$J47)&"") | E47: =IF($J47="","",INDEX('Tareas'!$E$6:$E$155,$J47)) | F47: =IF($J47="","",INDEX('Tareas'!$J$6:$J$155,$J47)) | G47: =IF($J47="","",IF(INDEX('Tareas'!$K$6:$K$155,$J47)<0,-INDEX('Tareas'!$K$6:$K$155,$J47)&" d de atraso",IF(INDEX('Tareas'!$K$6:$K$155,$J47)=0,"–",INDEX('Tareas'!$K$6:$K$155,$J47)&" d"))) | H47: =IF($J47="","",HYPERLINK("#'Tareas'!G"&($J47+5),"Marcar hecha ›")) | J47: =IFERROR(MATCH(SMALL('Tareas'!$M$6:$M$155,37),'Tareas'!$M$6:$M$155,0),"")
A48: =IF($J48="","",INDEX('Tareas'!$L$6:$L$155,$J48)) | B48: =IF($J48="","",INDEX('Tareas'!$A$6:$A$155,$J48)) | C48: =IF($J48="","",INDEX('Tareas'!$B$6:$B$155,$J48)) | D48: =IF($J48="","",INDEX('Tareas'!$F$6:$F$155,$J48)&"") | E48: =IF($J48="","",INDEX('Tareas'!$E$6:$E$155,$J48)) | F48: =IF($J48="","",INDEX('Tareas'!$J$6:$J$155,$J48)) | G48: =IF($J48="","",IF(INDEX('Tareas'!$K$6:$K$155,$J48)<0,-INDEX('Tareas'!$K$6:$K$155,$J48)&" d de atraso",IF(INDEX('Tareas'!$K$6:$K$155,$J48)=0,"–",INDEX('Tareas'!$K$6:$K$155,$J48)&" d"))) | H48: =IF($J48="","",HYPERLINK("#'Tareas'!G"&($J48+5),"Marcar hecha ›")) | J48: =IFERROR(MATCH(SMALL('Tareas'!$M$6:$M$155,38),'Tareas'!$M$6:$M$155,0),"")
A49: =IF($J49="","",INDEX('Tareas'!$L$6:$L$155,$J49)) | B49: =IF($J49="","",INDEX('Tareas'!$A$6:$A$155,$J49)) | C49: =IF($J49="","",INDEX('Tareas'!$B$6:$B$155,$J49)) | D49: =IF($J49="","",INDEX('Tareas'!$F$6:$F$155,$J49)&"") | E49: =IF($J49="","",INDEX('Tareas'!$E$6:$E$155,$J49)) | F49: =IF($J49="","",INDEX('Tareas'!$J$6:$J$155,$J49)) | G49: =IF($J49="","",IF(INDEX('Tareas'!$K$6:$K$155,$J49)<0,-INDEX('Tareas'!$K$6:$K$155,$J49)&" d de atraso",IF(INDEX('Tareas'!$K$6:$K$155,$J49)=0,"–",INDEX('Tareas'!$K$6:$K$155,$J49)&" d"))) | H49: =IF($J49="","",HYPERLINK("#'Tareas'!G"&($J49+5),"Marcar hecha ›")) | J49: =IFERROR(MATCH(SMALL('Tareas'!$M$6:$M$155,39),'Tareas'!$M$6:$M$155,0),"")
A50: =IF($J50="","",INDEX('Tareas'!$L$6:$L$155,$J50)) | B50: =IF($J50="","",INDEX('Tareas'!$A$6:$A$155,$J50)) | C50: =IF($J50="","",INDEX('Tareas'!$B$6:$B$155,$J50)) | D50: =IF($J50="","",INDEX('Tareas'!$F$6:$F$155,$J50)&"") | E50: =IF($J50="","",INDEX('Tareas'!$E$6:$E$155,$J50)) | F50: =IF($J50="","",INDEX('Tareas'!$J$6:$J$155,$J50)) | G50: =IF($J50="","",IF(INDEX('Tareas'!$K$6:$K$155,$J50)<0,-INDEX('Tareas'!$K$6:$K$155,$J50)&" d de atraso",IF(INDEX('Tareas'!$K$6:$K$155,$J50)=0,"–",INDEX('Tareas'!$K$6:$K$155,$J50)&" d"))) | H50: =IF($J50="","",HYPERLINK("#'Tareas'!G"&($J50+5),"Marcar hecha ›")) | J50: =IFERROR(MATCH(SMALL('Tareas'!$M$6:$M$155,40),'Tareas'!$M$6:$M$155,0),"")
B51: =IF(COUNT('Tareas'!$M$6:$M$155)>40,"+ "&(COUNT('Tareas'!$M$6:$M$155)-40)&" más sin mostrar. Terminá algunas o filtrá por persona.","")

Sheet Semana
A1: Próximos 7 días
A2: ="Para: "&'Hoy'!B3&" · Las atrasadas figuran en el día de hoy."
A4: =TODAY()+0 | B4: =TODAY()+1 | C4: =TODAY()+2 | D4: =TODAY()+3 | E4: =TODAY()+4 | F4: =TODAY()+5 | G4: =TODAY()+6
A5: =COUNT('Tareas'!$O$6:$O$155)&" tareas · "&SUMPRODUCT(ISNUMBER('Tareas'!$O$6:$O$155)*'Tareas'!$E$6:$E$155)&" min" | B5: =COUNT('Tareas'!$P$6:$P$155)&" tareas · "&SUMPRODUCT(ISNUMBER('Tareas'!$P$6:$P$155)*'Tareas'!$E$6:$E$155)&" min" | C5: =COUNT('Tareas'!$Q$6:$Q$155)&" tareas · "&SUMPRODUCT(ISNUMBER('Tareas'!$Q$6:$Q$155)*'Tareas'!$E$6:$E$155)&" min" | D5: =COUNT('Tareas'!$R$6:$R$155)&" tareas · "&SUMPRODUCT(ISNUMBER('Tareas'!$R$6:$R$155)*'Tareas'!$E$6:$E$155)&" min" | E5: =COUNT('Tareas'!$S$6:$S$155)&" tareas · "&SUMPRODUCT(ISNUMBER('Tareas'!$S$6:$S$155)*'Tareas'!$E$6:$E$155)&" min" | F5: =COUNT('Tareas'!$T$6:$T$155)&" tareas · "&SUMPRODUCT(ISNUMBER('Tareas'!$T$6:$T$155)*'Tareas'!$E$6:$E$155)&" min" | G5: =COUNT('Tareas'!$U$6:$U$155)&" tareas · "&SUMPRODUCT(ISNUMBER('Tareas'!$U$6:$U$155)*'Tareas'!$E$6:$E$155)&" min"
A6: =IFERROR("☐ "&INDEX('Tareas'!$A$6:$A$155,SMALL('Tareas'!$O$6:$O$155,1)-5)&IF(INDEX('Tareas'!$F$6:$F$155,SMALL('Tareas'!$O$6:$O$155,1)-5)="",""," ("&INDEX('Tareas'!$F$6:$F$155,SMALL('Tareas'!$O$6:$O$155,1)-5)&")"),"") | B6: =IFERROR("☐ "&INDEX('Tareas'!$A$6:$A$155,SMALL('Tareas'!$P$6:$P$155,1)-5)&IF(INDEX('Tareas'!$F$6:$F$155,SMALL('Tareas'!$P$6:$P$155,1)-5)="",""," ("&INDEX('Tareas'!$F$6:$F$155,SMALL('Tareas'!$P$6:$P$155,1)-5)&")"),"") | C6: =IFERROR("☐ "&INDEX('Tareas'!$A$6:$A$155,SMALL('Tareas'!$Q$6:$Q$155,1)-5)&IF(INDEX('Tareas'!$F$6:$F$155,SMALL('Tareas'!$Q$6:$Q$155,1)-5)="",""," ("&INDEX('Tareas'!$F$6:$F$155,SMALL('Tareas'!$Q$6:$Q$155,1)-5)&")"),"") | D6: =IFERROR("☐ "&INDEX('Tareas'!$A$6:$A$155,SMALL('Tareas'!$R$6:$R$155,1)-5)&IF(INDEX('Tareas'!$F$6:$F$155,SMALL('Tareas'!$R$6:$R$155,1)-5)="",""," ("&INDEX('Tareas'!$F$6:$F$155,SMALL('Tareas'!$R$6:$R$155,1)-5)&")"),"") | E6: =IFERROR("☐ "&INDEX('Tareas'!$A$6:$A$155,SMALL('Tareas'!$S$6:$S$155,1)-5)&IF(INDEX('Tareas'!$F$6:$F$155,SMALL('Tareas'!$S$6:$S$155,1)-5)="",""," ("&INDEX('Tareas'!$F$6:$F$155,SMALL('Tareas'!$S$6:$S$155,1)-5)&")"),"") | F6: =IFERROR("☐ "&INDEX('Tareas'!$A$6:$A$155,SMALL('Tareas'!$T$6:$T$155,1)-5)&IF(INDEX('Tareas'!$F$6:$F$155,SMALL('Tareas'!$T$6:$T$155,1)-5)="",""," ("&INDEX('Tareas'!$F$6:$F$155,SMALL('Tareas'!$T$6:$T$155,1)-5)&")"),"") | G6: =IFERROR("☐ "&INDEX('Tareas'!$A$6:$A$155,SMALL('Tareas'!$U$6:$U$155,1)-5)&IF(INDEX('Tareas'!$F$6:$F$155,SMALL('Tareas'!$U$6:$U$155,1)-5)="",""," ("&INDEX('Tareas'!$F$6:$F$155,SMALL('Tareas'!$U$6:$U$155,1)-5)&")"),"")
A7: =IFERROR("☐ "&INDEX('Tareas'!$A$6:$A$155,SMALL('Tareas'!$O$6:$O$155,2)-5)&IF(INDEX('Tareas'!$F$6:$F$155,SMALL('Tareas'!$O$6:$O$155,2)-5)="",""," ("&INDEX('Tareas'!$F$6:$F$155,SMALL('Tareas'!$O$6:$O$155,2)-5)&")"),"") | B7: =IFERROR("☐ "&INDEX('Tareas'!$A$6:$A$155,SMALL('Tareas'!$P$6:$P$155,2)-5)&IF(INDEX('Tareas'!$F$6:$F$155,SMALL('Tareas'!$P$6:$P$155,2)-5)="",""," ("&INDEX('Tareas'!$F$6:$F$155,SMALL('Tareas'!$P$6:$P$155,2)-5)&")"),"") | C7: =IFERROR("☐ "&INDEX('Tareas'!$A$6:$A$155,SMALL('Tareas'!$Q$6:$Q$155,2)-5)&IF(INDEX('Tareas'!$F$6:$F$155,SMALL('Tareas'!$Q$6:$Q$155,2)-5)="",""," ("&INDEX('Tareas'!$F$6:$F$155,SMALL('Tareas'!$Q$6:$Q$155,2)-5)&")"),"") | D7: =IFERROR("☐ "&INDEX('Tareas'!$A$6:$A$155,SMALL('Tareas'!$R$6:$R$155,2)-5)&IF(INDEX('Tareas'!$F$6:$F$155,SMALL('Tareas'!$R$6:$R$155,2)-5)="",""," ("&INDEX('Tareas'!$F$6:$F$155,SMALL('Tareas'!$R$6:$R$155,2)-5)&")"),"") | E7: =IFERROR("☐ "&INDEX('Tareas'!$A$6:$A$155,SMALL('Tareas'!$S$6:$S$155,2)-5)&IF(INDEX('Tareas'!$F$6:$F$155,SMALL('Tareas'!$S$6:$S$155,2)-5)="",""," ("&INDEX('Tareas'!$F$6:$F$155,SMALL('Tareas'!$S$6:$S$155,2)-5)&")"),"") | F7: =IFERROR("☐ "&INDEX('Tareas'!$A$6:$A$155,SMALL('Tareas'!$T$6:$T$155,2)-5)&IF(INDEX('Tareas'!$F$6:$F$155,SMALL('Tareas'!$T$6:$T$155,2)-5)="",""," ("&INDEX('Tareas'!$F$6:$F$155,SMALL('Tareas'!$T$6:$T$155,2)-5)&")"),"") | G7: =IFERROR("☐ "&INDEX('Tareas'!$A$6:$A$155,SMALL('Tareas'!$U$6:$U$155,2)-5)&IF(INDEX('Tareas'!$F$6:$F$155,SMALL('Tareas'!$U$6:$U$155,2)-5)="",""," ("&INDEX('Tareas'!$F$6:$F$155,SMALL('Tareas'!$U$6:$U$155,2)-5)&")"),"")
A8: =IFERROR("☐ "&INDEX('Tareas'!$A$6:$A$155,SMALL('Tareas'!$O$6:$O$155,3)-5)&IF(INDEX('Tareas'!$F$6:$F$155,SMALL('Tareas'!$O$6:$O$155,3)-5)="",""," ("&INDEX('Tareas'!$F$6:$F$155,SMALL('Tareas'!$O$6:$O$155,3)-5)&")"),"") | B8: =IFERROR("☐ "&INDEX('Tareas'!$A$6:$A$155,SMALL('Tareas'!$P$6:$P$155,3)-5)&IF(INDEX('Tareas'!$F$6:$F$155,SMALL('Tareas'!$P$6:$P$155,3)-5)="",""," ("&INDEX('Tareas'!$F$6:$F$155,SMALL('Tareas'!$P$6:$P$155,3)-5)&")"),"") | C8: =IFERROR("☐ "&INDEX('Tareas'!$A$6:$A$155,SMALL('Tareas'!$Q$6:$Q$155,3)-5)&IF(INDEX('Tareas'!$F$6:$F$155,SMALL('Tareas'!$Q$6:$Q$155,3)-5)="",""," ("&INDEX('Tareas'!$F$6:$F$155,SMALL('Tareas'!$Q$6:$Q$155,3)-5)&")"),"") | D8: =IFERROR("☐ "&INDEX('Tareas'!$A$6:$A$155,SMALL('Tareas'!$R$6:$R$155,3)-5)&IF(INDEX('Tareas'!$F$6:$F$155,SMALL('Tareas'!$R$6:$R$155,3)-5)="",""," ("&INDEX('Tareas'!$F$6:$F$155,SMALL('Tareas'!$R$6:$R$155,3)-5)&")"),"") | E8: =IFERROR("☐ "&INDEX('Tareas'!$A$6:$A$155,SMALL('Tareas'!$S$6:$S$155,3)-5)&IF(INDEX('Tareas'!$F$6:$F$155,SMALL('Tareas'!$S$6:$S$155,3)-5)="",""," ("&INDEX('Tareas'!$F$6:$F$155,SMALL('Tareas'!$S$6:$S$155,3)-5)&")"),"") | F8: =IFERROR("☐ "&INDEX('Tareas'!$A$6:$A$155,SMALL('Tareas'!$T$6:$T$155,3)-5)&IF(INDEX('Tareas'!$F$6:$F$155,SMALL('Tareas'!$T$6:$T$155,3)-5)="",""," ("&INDEX('Tareas'!$F$6:$F$155,SMALL('Tareas'!$T$6:$T$155,3)-5)&")"),"") | G8: =IFERROR("☐ "&INDEX('Tareas'!$A$6:$A$155,SMALL('Tareas'!$U$6:$U$155,3)-5)&IF(INDEX('Tareas'!$F$6:$F$155,SMALL('Tareas'!$U$6:$U$155,3)-5)="",""," ("&INDEX('Tareas'!$F$6:$F$155,SMALL('Tareas'!$U$6:$U$155,3)-5)&")"),"")
A9: =IFERROR("☐ "&INDEX('Tareas'!$A$6:$A$155,SMALL('Tareas'!$O$6:$O$155,4)-5)&IF(INDEX('Tareas'!$F$6:$F$155,SMALL('Tareas'!$O$6:$O$155,4)-5)="",""," ("&INDEX('Tareas'!$F$6:$F$155,SMALL('Tareas'!$O$6:$O$155,4)-5)&")"),"") | B9: =IFERROR("☐ "&INDEX('Tareas'!$A$6:$A$155,SMALL('Tareas'!$P$6:$P$155,4)-5)&IF(INDEX('Tareas'!$F$6:$F$155,SMALL('Tareas'!$P$6:$P$155,4)-5)="",""," ("&INDEX('Tareas'!$F$6:$F$155,SMALL('Tareas'!$P$6:$P$155,4)-5)&")"),"") | C9: =IFERROR("☐ "&INDEX('Tareas'!$A$6:$A$155,SMALL('Tareas'!$Q$6:$Q$155,4)-5)&IF(INDEX('Tareas'!$F$6:$F$155,SMALL('Tareas'!$Q$6:$Q$155,4)-5)="",""," ("&INDEX('Tareas'!$F$6:$F$155,SMALL('Tareas'!$Q$6:$Q$155,4)-5)&")"),"") | D9: =IFERROR("☐ "&INDEX('Tareas'!$A$6:$A$155,SMALL('Tareas'!$R$6:$R$155,4)-5)&IF(INDEX('Tareas'!$F$6:$F$155,SMALL('Tareas'!$R$6:$R$155,4)-5)="",""," ("&INDEX('Tareas'!$F$6:$F$155,SMALL('Tareas'!$R$6:$R$155,4)-5)&")"),"") | E9: =IFERROR("☐ "&INDEX('Tareas'!$A$6:$A$155,SMALL('Tareas'!$S$6:$S$155,4)-5)&IF(INDEX('Tareas'!$F$6:$F$155,SMALL('Tareas'!$S$6:$S$155,4)-5)="",""," ("&INDEX('Tareas'!$F$6:$F$155,SMALL('Tareas'!$S$6:$S$155,4)-5)&")"),"") | F9: =IFERROR("☐ "&INDEX('Tareas'!$A$6:$A$155,SMALL('Tareas'!$T$6:$T$155,4)-5)&IF(INDEX('Tareas'!$F$6:$F$155,SMALL('Tareas'!$T$6:$T$155,4)-5)="",""," ("&INDEX('Tareas'!$F$6:$F$155,SMALL('Tareas'!$T$6:$T$155,4)-5)&")"),"") | G9: =IFERROR("☐ "&INDEX('Tareas'!$A$6:$A$155,SMALL('Tareas'!$U$6:$U$155,4)-5)&IF(INDEX('Tareas'!$F$6:$F$155,SMALL('Tareas'!$U$6:$U$155,4)-5)="",""," ("&INDEX('Tareas'!$F$6:$F$155,SMALL('Tareas'!$U$6:$U$155,4)-5)&")"),"")
A10: =IFERROR("☐ "&INDEX('Tareas'!$A$6:$A$155,SMALL('Tareas'!$O$6:$O$155,5)-5)&IF(INDEX('Tareas'!$F$6:$F$155,SMALL('Tareas'!$O$6:$O$155,5)-5)="",""," ("&INDEX('Tareas'!$F$6:$F$155,SMALL('Tareas'!$O$6:$O$155,5)-5)&")"),"") | B10: =IFERROR("☐ "&INDEX('Tareas'!$A$6:$A$155,SMALL('Tareas'!$P$6:$P$155,5)-5)&IF(INDEX('Tareas'!$F$6:$F$155,SMALL('Tareas'!$P$6:$P$155,5)-5)="",""," ("&INDEX('Tareas'!$F$6:$F$155,SMALL('Tareas'!$P$6:$P$155,5)-5)&")"),"") | C10: =IFERROR("☐ "&INDEX('Tareas'!$A$6:$A$155,SMALL('Tareas'!$Q$6:$Q$155,5)-5)&IF(INDEX('Tareas'!$F$6:$F$155,SMALL('Tareas'!$Q$6:$Q$155,5)-5)="",""," ("&INDEX('Tareas'!$F$6:$F$155,SMALL('Tareas'!$Q$6:$Q$155,5)-5)&")"),"") | D10: =IFERROR("☐ "&INDEX('Tareas'!$A$6:$A$155,SMALL('Tareas'!$R$6:$R$155,5)-5)&IF(INDEX('Tareas'!$F$6:$F$155,SMALL('Tareas'!$R$6:$R$155,5)-5)="",""," ("&INDEX('Tareas'!$F$6:$F$155,SMALL('Tareas'!$R$6:$R$155,5)-5)&")"),"") | E10: =IFERROR("☐ "&INDEX('Tareas'!$A$6:$A$155,SMALL('Tareas'!$S$6:$S$155,5)-5)&IF(INDEX('Tareas'!$F$6:$F$155,SMALL('Tareas'!$S$6:$S$155,5)-5)="",""," ("&INDEX('Tareas'!$F$6:$F$155,SMALL('Tareas'!$S$6:$S$155,5)-5)&")"),"") | F10: =IFERROR("☐ "&INDEX('Tareas'!$A$6:$A$155,SMALL('Tareas'!$T$6:$T$155,5)-5)&IF(INDEX('Tareas'!$F$6:$F$155,SMALL('Tareas'!$T$6:$T$155,5)-5)="",""," ("&INDEX('Tareas'!$F$6:$F$155,SMALL('Tareas'!$T$6:$T$155,5)-5)&")"),"") | G10: =IFERROR("☐ "&INDEX('Tareas'!$A$6:$A$155,SMALL('Tareas'!$U$6:$U$155,5)-5)&IF(INDEX('Tareas'!$F$6:$F$155,SMALL('Tareas'!$U$6:$U$155,5)-5)="",""," ("&INDEX('Tareas'!$F$6:$F$155,SMALL('Tareas'!$U$6:$U$155,5)-5)&")"),"")
A11: =IFERROR("☐ "&INDEX('Tareas'!$A$6:$A$155,SMALL('Tareas'!$O$6:$O$155,6)-5)&IF(INDEX('Tareas'!$F$6:$F$155,SMALL('Tareas'!$O$6:$O$155,6)-5)="",""," ("&INDEX('Tareas'!$F$6:$F$155,SMALL('Tareas'!$O$6:$O$155,6)-5)&")"),"") | B11: =IFERROR("☐ "&INDEX('Tareas'!$A$6:$A$155,SMALL('Tareas'!$P$6:$P$155,6)-5)&IF(INDEX('Tareas'!$F$6:$F$155,SMALL('Tareas'!$P$6:$P$155,6)-5)="",""," ("&INDEX('Tareas'!$F$6:$F$155,SMALL('Tareas'!$P$6:$P$155,6)-5)&")"),"") | C11: =IFERROR("☐ "&INDEX('Tareas'!$A$6:$A$155,SMALL('Tareas'!$Q$6:$Q$155,6)-5)&IF(INDEX('Tareas'!$F$6:$F$155,SMALL('Tareas'!$Q$6:$Q$155,6)-5)="",""," ("&INDEX('Tareas'!$F$6:$F$155,SMALL('Tareas'!$Q$6:$Q$155,6)-5)&")"),"") | D11: =IFERROR("☐ "&INDEX('Tareas'!$A$6:$A$155,SMALL('Tareas'!$R$6:$R$155,6)-5)&IF(INDEX('Tareas'!$F$6:$F$155,SMALL('Tareas'!$R$6:$R$155,6)-5)="",""," ("&INDEX('Tareas'!$F$6:$F$155,SMALL('Tareas'!$R$6:$R$155,6)-5)&")"),"") | E11: =IFERROR("☐ "&INDEX('Tareas'!$A$6:$A$155,SMALL('Tareas'!$S$6:$S$155,6)-5)&IF(INDEX('Tareas'!$F$6:$F$155,SMALL('Tareas'!$S$6:$S$155,6)-5)="",""," ("&INDEX('Tareas'!$F$6:$F$155,SMALL('Tareas'!$S$6:$S$155,6)-5)&")"),"") | F11: =IFERROR("☐ "&INDEX('Tareas'!$A$6:$A$155,SMALL('Tareas'!$T$6:$T$155,6)-5)&IF(INDEX('Tareas'!$F$6:$F$155,SMALL('Tareas'!$T$6:$T$155,6)-5)="",""," ("&INDEX('Tareas'!$F$6:$F$155,SMALL('Tareas'!$T$6:$T$155,6)-5)&")"),"") | G11: =IFERROR("☐ "&INDEX('Tareas'!$A$6:$A$155,SMALL('Tareas'!$U$6:$U$155,6)-5)&IF(INDEX('Tareas'!$F$6:$F$155,SMALL('Tareas'!$U$6:$U$155,6)-5)="",""," ("&INDEX('Tareas'!$F$6:$F$155,SMALL('Tareas'!$U$6:$U$155,6)-5)&")"),"")
A12: =IFERROR("☐ "&INDEX('Tareas'!$A$6:$A$155,SMALL('Tareas'!$O$6:$O$155,7)-5)&IF(INDEX('Tareas'!$F$6:$F$155,SMALL('Tareas'!$O$6:$O$155,7)-5)="",""," ("&INDEX('Tareas'!$F$6:$F$155,SMALL('Tareas'!$O$6:$O$155,7)-5)&")"),"") | B12: =IFERROR("☐ "&INDEX('Tareas'!$A$6:$A$155,SMALL('Tareas'!$P$6:$P$155,7)-5)&IF(INDEX('Tareas'!$F$6:$F$155,SMALL('Tareas'!$P$6:$P$155,7)-5)="",""," ("&INDEX('Tareas'!$F$6:$F$155,SMALL('Tareas'!$P$6:$P$155,7)-5)&")"),"") | C12: =IFERROR("☐ "&INDEX('Tareas'!$A$6:$A$155,SMALL('Tareas'!$Q$6:$Q$155,7)-5)&IF(INDEX('Tareas'!$F$6:$F$155,SMALL('Tareas'!$Q$6:$Q$155,7)-5)="",""," ("&INDEX('Tareas'!$F$6:$F$155,SMALL('Tareas'!$Q$6:$Q$155,7)-5)&")"),"") | D12: =IFERROR("☐ "&INDEX('Tareas'!$A$6:$A$155,SMALL('Tareas'!$R$6:$R$155,7)-5)&IF(INDEX('Tareas'!$F$6:$F$155,SMALL('Tareas'!$R$6:$R$155,7)-5)="",""," ("&INDEX('Tareas'!$F$6:$F$155,SMALL('Tareas'!$R$6:$R$155,7)-5)&")"),"") | E12: =IFERROR("☐ "&INDEX('Tareas'!$A$6:$A$155,SMALL('Tareas'!$S$6:$S$155,7)-5)&IF(INDEX('Tareas'!$F$6:$F$155,SMALL('Tareas'!$S$6:$S$155,7)-5)="",""," ("&INDEX('Tareas'!$F$6:$F$155,SMALL('Tareas'!$S$6:$S$155,7)-5)&")"),"") | F12: =IFERROR("☐ "&INDEX('Tareas'!$A$6:$A$155,SMALL('Tareas'!$T$6:$T$155,7)-5)&IF(INDEX('Tareas'!$F$6:$F$155,SMALL('Tareas'!$T$6:$T$155,7)-5)="",""," ("&INDEX('Tareas'!$F$6:$F$155,SMALL('Tareas'!$T$6:$T$155,7)-5)&")"),"") | G12: =IFERROR("☐ "&INDEX('Tareas'!$A$6:$A$155,SMALL('Tareas'!$U$6:$U$155,7)-5)&IF(INDEX('Tareas'!$F$6:$F$155,SMALL('Tareas'!$U$6:$U$155,7)-5)="",""," ("&INDEX('Tareas'!$F$6:$F$155,SMALL('Tareas'!$U$6:$U$155,7)-5)&")"),"")
A13: =IFERROR("☐ "&INDEX('Tareas'!$A$6:$A$155,SMALL('Tareas'!$O$6:$O$155,8)-5)&IF(INDEX('Tareas'!$F$6:$F$155,SMALL('Tareas'!$O$6:$O$155,8)-5)="",""," ("&INDEX('Tareas'!$F$6:$F$155,SMALL('Tareas'!$O$6:$O$155,8)-5)&")"),"") | B13: =IFERROR("☐ "&INDEX('Tareas'!$A$6:$A$155,SMALL('Tareas'!$P$6:$P$155,8)-5)&IF(INDEX('Tareas'!$F$6:$F$155,SMALL('Tareas'!$P$6:$P$155,8)-5)="",""," ("&INDEX('Tareas'!$F$6:$F$155,SMALL('Tareas'!$P$6:$P$155,8)-5)&")"),"") | C13: =IFERROR("☐ "&INDEX('Tareas'!$A$6:$A$155,SMALL('Tareas'!$Q$6:$Q$155,8)-5)&IF(INDEX('Tareas'!$F$6:$F$155,SMALL('Tareas'!$Q$6:$Q$155,8)-5)="",""," ("&INDEX('Tareas'!$F$6:$F$155,SMALL('Tareas'!$Q$6:$Q$155,8)-5)&")"),"") | D13: =IFERROR("☐ "&INDEX('Tareas'!$A$6:$A$155,SMALL('Tareas'!$R$6:$R$155,8)-5)&IF(INDEX('Tareas'!$F$6:$F$155,SMALL('Tareas'!$R$6:$R$155,8)-5)="",""," ("&INDEX('Tareas'!$F$6:$F$155,SMALL('Tareas'!$R$6:$R$155,8)-5)&")"),"") | E13: =IFERROR("☐ "&INDEX('Tareas'!$A$6:$A$155,SMALL('Tareas'!$S$6:$S$155,8)-5)&IF(INDEX('Tareas'!$F$6:$F$155,SMALL('Tareas'!$S$6:$S$155,8)-5)="",""," ("&INDEX('Tareas'!$F$6:$F$155,SMALL('Tareas'!$S$6:$S$155,8)-5)&")"),"") | F13: =IFERROR("☐ "&INDEX('Tareas'!$A$6:$A$155,SMALL('Tareas'!$T$6:$T$155,8)-5)&IF(INDEX('Tareas'!$F$6:$F$155,SMALL('Tareas'!$T$6:$T$155,8)-5)="",""," ("&INDEX('Tareas'!$F$6:$F$155,SMALL('Tareas'!$T$6:$T$155,8)-5)&")"),"") | G13: =IFERROR("☐ "&INDEX('Tareas'!$A$6:$A$155,SMALL('Tareas'!$U$6:$U$155,8)-5)&IF(INDEX('Tareas'!$F$6:$F$155,SMALL('Tareas'!$U$6:$U$155,8)-5)="",""," ("&INDEX('Tareas'!$F$6:$F$155,SMALL('Tareas'!$U$6:$U$155,8)-5)&")"),"")
A14: =IFERROR("☐ "&INDEX('Tareas'!$A$6:$A$155,SMALL('Tareas'!$O$6:$O$155,9)-5)&IF(INDEX('Tareas'!$F$6:$F$155,SMALL('Tareas'!$O$6:$O$155,9)-5)="",""," ("&INDEX('Tareas'!$F$6:$F$155,SMALL('Tareas'!$O$6:$O$155,9)-5)&")"),"") | B14: =IFERROR("☐ "&INDEX('Tareas'!$A$6:$A$155,SMALL('Tareas'!$P$6:$P$155,9)-5)&IF(INDEX('Tareas'!$F$6:$F$155,SMALL('Tareas'!$P$6:$P$155,9)-5)="",""," ("&INDEX('Tareas'!$F$6:$F$155,SMALL('Tareas'!$P$6:$P$155,9)-5)&")"),"") | C14: =IFERROR("☐ "&INDEX('Tareas'!$A$6:$A$155,SMALL('Tareas'!$Q$6:$Q$155,9)-5)&IF(INDEX('Tareas'!$F$6:$F$155,SMALL('Tareas'!$Q$6:$Q$155,9)-5)="",""," ("&INDEX('Tareas'!$F$6:$F$155,SMALL('Tareas'!$Q$6:$Q$155,9)-5)&")"),"") | D14: =IFERROR("☐ "&INDEX('Tareas'!$A$6:$A$155,SMALL('Tareas'!$R$6:$R$155,9)-5)&IF(INDEX('Tareas'!$F$6:$F$155,SMALL('Tareas'!$R$6:$R$155,9)-5)="",""," ("&INDEX('Tareas'!$F$6:$F$155,SMALL('Tareas'!$R$6:$R$155,9)-5)&")"),"") | E14: =IFERROR("☐ "&INDEX('Tareas'!$A$6:$A$155,SMALL('Tareas'!$S$6:$S$155,9)-5)&IF(INDEX('Tareas'!$F$6:$F$155,SMALL('Tareas'!$S$6:$S$155,9)-5)="",""," ("&INDEX('Tareas'!$F$6:$F$155,SMALL('Tareas'!$S$6:$S$155,9)-5)&")"),"") | F14: =IFERROR("☐ "&INDEX('Tareas'!$A$6:$A$155,SMALL('Tareas'!$T$6:$T$155,9)-5)&IF(INDEX('Tareas'!$F$6:$F$155,SMALL('Tareas'!$T$6:$T$155,9)-5)="",""," ("&INDEX('Tareas'!$F$6:$F$155,SMALL('Tareas'!$T$6:$T$155,9)-5)&")"),"") | G14: =IFERROR("☐ "&INDEX('Tareas'!$A$6:$A$155,SMALL('Tareas'!$U$6:$U$155,9)-5)&IF(INDEX('Tareas'!$F$6:$F$155,SMALL('Tareas'!$U$6:$U$155,9)-5)="",""," ("&INDEX('Tareas'!$F$6:$F$155,SMALL('Tareas'!$U$6:$U$155,9)-5)&")"),"")
A15: =IFERROR("☐ "&INDEX('Tareas'!$A$6:$A$155,SMALL('Tareas'!$O$6:$O$155,10)-5)&IF(INDEX('Tareas'!$F$6:$F$155,SMALL('Tareas'!$O$6:$O$155,10)-5)="",""," ("&INDEX('Tareas'!$F$6:$F$155,SMALL('Tareas'!$O$6:$O$155,10)-5)&")"),"") | B15: =IFERROR("☐ "&INDEX('Tareas'!$A$6:$A$155,SMALL('Tareas'!$P$6:$P$155,10)-5)&IF(INDEX('Tareas'!$F$6:$F$155,SMALL('Tareas'!$P$6:$P$155,10)-5)="",""," ("&INDEX('Tareas'!$F$6:$F$155,SMALL('Tareas'!$P$6:$P$155,10)-5)&")"),"") | C15: =IFERROR("☐ "&INDEX('Tareas'!$A$6:$A$155,SMALL('Tareas'!$Q$6:$Q$155,10)-5)&IF(INDEX('Tareas'!$F$6:$F$155,SMALL('Tareas'!$Q$6:$Q$155,10)-5)="",""," ("&INDEX('Tareas'!$F$6:$F$155,SMALL('Tareas'!$Q$6:$Q$155,10)-5)&")"),"") | D15: =IFERROR("☐ "&INDEX('Tareas'!$A$6:$A$155,SMALL('Tareas'!$R$6:$R$155,10)-5)&IF(INDEX('Tareas'!$F$6:$F$155,SMALL('Tareas'!$R$6:$R$155,10)-5)="",""," ("&INDEX('Tareas'!$F$6:$F$155,SMALL('Tareas'!$R$6:$R$155,10)-5)&")"),"") | E15: =IFERROR("☐ "&INDEX('Tareas'!$A$6:$A$155,SMALL('Tareas'!$S$6:$S$155,10)-5)&IF(INDEX('Tareas'!$F$6:$F$155,SMALL('Tareas'!$S$6:$S$155,10)-5)="",""," ("&INDEX('Tareas'!$F$6:$F$155,SMALL('Tareas'!$S$6:$S$155,10)-5)&")"),"") | F15: =IFERROR("☐ "&INDEX('Tareas'!$A$6:$A$155,SMALL('Tareas'!$T$6:$T$155,10)-5)&IF(INDEX('Tareas'!$F$6:$F$155,SMALL('Tareas'!$T$6:$T$155,10)-5)="",""," ("&INDEX('Tareas'!$F$6:$F$155,SMALL('Tareas'!$T$6:$T$155,10)-5)&")"),"") | G15: =IFERROR("☐ "&INDEX('Tareas'!$A$6:$A$155,SMALL('Tareas'!$U$6:$U$155,10)-5)&IF(INDEX('Tareas'!$F$6:$F$155,SMALL('Tareas'!$U$6:$U$155,10)-5)="",""," ("&INDEX('Tareas'!$F$6:$F$155,SMALL('Tareas'!$U$6:$U$155,10)-5)&")"),"")
A16: =IFERROR("☐ "&INDEX('Tareas'!$A$6:$A$155,SMALL('Tareas'!$O$6:$O$155,11)-5)&IF(INDEX('Tareas'!$F$6:$F$155,SMALL('Tareas'!$O$6:$O$155,11)-5)="",""," ("&INDEX('Tareas'!$F$6:$F$155,SMALL('Tareas'!$O$6:$O$155,11)-5)&")"),"") | B16: =IFERROR("☐ "&INDEX('Tareas'!$A$6:$A$155,SMALL('Tareas'!$P$6:$P$155,11)-5)&IF(INDEX('Tareas'!$F$6:$F$155,SMALL('Tareas'!$P$6:$P$155,11)-5)="",""," ("&INDEX('Tareas'!$F$6:$F$155,SMALL('Tareas'!$P$6:$P$155,11)-5)&")"),"") | C16: =IFERROR("☐ "&INDEX('Tareas'!$A$6:$A$155,SMALL('Tareas'!$Q$6:$Q$155,11)-5)&IF(INDEX('Tareas'!$F$6:$F$155,SMALL('Tareas'!$Q$6:$Q$155,11)-5)="",""," ("&INDEX('Tareas'!$F$6:$F$155,SMALL('Tareas'!$Q$6:$Q$155,11)-5)&")"),"") | D16: =IFERROR("☐ "&INDEX('Tareas'!$A$6:$A$155,SMALL('Tareas'!$R$6:$R$155,11)-5)&IF(INDEX('Tareas'!$F$6:$F$155,SMALL('Tareas'!$R$6:$R$155,11)-5)="",""," ("&INDEX('Tareas'!$F$6:$F$155,SMALL('Tareas'!$R$6:$R$155,11)-5)&")"),"") | E16: =IFERROR("☐ "&INDEX('Tareas'!$A$6:$A$155,SMALL('Tareas'!$S$6:$S$155,11)-5)&IF(INDEX('Tareas'!$F$6:$F$155,SMALL('Tareas'!$S$6:$S$155,11)-5)="",""," ("&INDEX('Tareas'!$F$6:$F$155,SMALL('Tareas'!$S$6:$S$155,11)-5)&")"),"") | F16: =IFERROR("☐ "&INDEX('Tareas'!$A$6:$A$155,SMALL('Tareas'!$T$6:$T$155,11)-5)&IF(INDEX('Tareas'!$F$6:$F$155,SMALL('Tareas'!$T$6:$T$155,11)-5)="",""," ("&INDEX('Tareas'!$F$6:$F$155,SMALL('Tareas'!$T$6:$T$155,11)-5)&")"),"") | G16: =IFERROR("☐ "&INDEX('Tareas'!$A$6:$A$155,SMALL('Tareas'!$U$6:$U$155,11)-5)&IF(INDEX('Tareas'!$F$6:$F$155,SMALL('Tareas'!$U$6:$U$155,11)-5)="",""," ("&INDEX('Tareas'!$F$6:$F$155,SMALL('Tareas'!$U$6:$U$155,11)-5)&")"),"")
A17: =IFERROR("☐ "&INDEX('Tareas'!$A$6:$A$155,SMALL('Tareas'!$O$6:$O$155,12)-5)&IF(INDEX('Tareas'!$F$6:$F$155,SMALL('Tareas'!$O$6:$O$155,12)-5)="",""," ("&INDEX('Tareas'!$F$6:$F$155,SMALL('Tareas'!$O$6:$O$155,12)-5)&")"),"") | B17: =IFERROR("☐ "&INDEX('Tareas'!$A$6:$A$155,SMALL('Tareas'!$P$6:$P$155,12)-5)&IF(INDEX('Tareas'!$F$6:$F$155,SMALL('Tareas'!$P$6:$P$155,12)-5)="",""," ("&INDEX('Tareas'!$F$6:$F$155,SMALL('Tareas'!$P$6:$P$155,12)-5)&")"),"") | C17: =IFERROR("☐ "&INDEX('Tareas'!$A$6:$A$155,SMALL('Tareas'!$Q$6:$Q$155,12)-5)&IF(INDEX('Tareas'!$F$6:$F$155,SMALL('Tareas'!$Q$6:$Q$155,12)-5)="",""," ("&INDEX('Tareas'!$F$6:$F$155,SMALL('Tareas'!$Q$6:$Q$155,12)-5)&")"),"") | D17: =IFERROR("☐ "&INDEX('Tareas'!$A$6:$A$155,SMALL('Tareas'!$R$6:$R$155,12)-5)&IF(INDEX('Tareas'!$F$6:$F$155,SMALL('Tareas'!$R$6:$R$155,12)-5)="",""," ("&INDEX('Tareas'!$F$6:$F$155,SMALL('Tareas'!$R$6:$R$155,12)-5)&")"),"") | E17: =IFERROR("☐ "&INDEX('Tareas'!$A$6:$A$155,SMALL('Tareas'!$S$6:$S$155,12)-5)&IF(INDEX('Tareas'!$F$6:$F$155,SMALL('Tareas'!$S$6:$S$155,12)-5)="",""," ("&INDEX('Tareas'!$F$6:$F$155,SMALL('Tareas'!$S$6:$S$155,12)-5)&")"),"") | F17: =IFERROR("☐ "&INDEX('Tareas'!$A$6:$A$155,SMALL('Tareas'!$T$6:$T$155,12)-5)&IF(INDEX('Tareas'!$F$6:$F$155,SMALL('Tareas'!$T$6:$T$155,12)-5)="",""," ("&INDEX('Tareas'!$F$6:$F$155,SMALL('Tareas'!$T$6:$T$155,12)-5)&")"),"") | G17: =IFERROR("☐ "&INDEX('Tareas'!$A$6:$A$155,SMALL('Tareas'!$U$6:$U$155,12)-5)&IF(INDEX('Tareas'!$F$6:$F$155,SMALL('Tareas'!$U$6:$U$155,12)-5)="",""," ("&INDEX('Tareas'!$F$6:$F$155,SMALL('Tareas'!$U$6:$U$155,12)-5)&")"),"")
A18: =IF(COUNT('Tareas'!$O$6:$O$155)>12,"+ "&(COUNT('Tareas'!$O$6:$O$155)-12)&" más","") | B18: =IF(COUNT('Tareas'!$P$6:$P$155)>12,"+ "&(COUNT('Tareas'!$P$6:$P$155)-12)&" más","") | C18: =IF(COUNT('Tareas'!$Q$6:$Q$155)>12,"+ "&(COUNT('Tareas'!$Q$6:$Q$155)-12)&" más","") | D18: =IF(COUNT('Tareas'!$R$6:$R$155)>12,"+ "&(COUNT('Tareas'!$R$6:$R$155)-12)&" más","") | E18: =IF(COUNT('Tareas'!$S$6:$S$155)>12,"+ "&(COUNT('Tareas'!$S$6:$S$155)-12)&" más","") | F18: =IF(COUNT('Tareas'!$T$6:$T$155)>12,"+ "&(COUNT('Tareas'!$T$6:$T$155)-12)&" más","") | G18: =IF(COUNT('Tareas'!$U$6:$U$155)>12,"+ "&(COUNT('Tareas'!$U$6:$U$155)-12)&" más","")
A20: Notas

Sheet Tareas
A1: Tareas
A2: Una fila por tarea que se repite. Cuando la terminás, anotá la fecha en 'Última vez'; el resto es automático.
A5: Tarea | B5: Ambiente / área | C5: Cada | D5: Unidad | E5: Minutos | F5: Quién | G5: Última vez | H5: Activa | I5: Intervalo (días) | J5: Próxima vez | K5: Días que faltan | L5: Estado | M5: key | N5: wk | O5: d0 | P5: d1 | Q5: d2 | R5: d3 | S5: d4 | T5: d5 | U5: d6
A6: Lavar los platos / usar el lavavajillas | B6: Cocina | C6: 1 | D6: Días | E6: 15 | H6: Sí | I6: =IFERROR(IF(OR(A6="",C6=""),"",C6*INDEX('Ajustes'!$I$5:$I$8,MATCH(D6,'Ajustes'!$H$5:$H$8,0))),"") | J6: =IFERROR(IF(I6="","",IF(G6="",IF('Ajustes'!$B$5="",TODAY(),'Ajustes'!$B$5)+MOD(ROW()*13,I6),IF(D6='Ajustes'!$H$7,EDATE(G6,C6),IF(D6='Ajustes'!$H$8,EDATE(G6,12*C6),G6+I6)))),"") | K6: =IF(J6="","",J6-TODAY()) | L6: =IF(A6="","",IF(H6="No","Pausada",IF(K6="","",IF(K6<0,"Atrasada",IF(K6=0,"Hoy",IF(K6<=7,"Esta semana","Más adelante")))))) | M6: =IFERROR(IF(AND(OR(L6="Atrasada",L6="Hoy",L6="Esta semana"),OR('Hoy'!$B$3='Ajustes'!$D$5,F6='Hoy'!$B$3)),K6+ROW()/100000,""),"") | N6: =IF(OR(A6="",H6="No",I6=""),0,E6*7/I6) | O6: =IFERROR(IF(AND(A6<>"",H6<>"No",I6<>"",OR('Hoy'!$B$3='Ajustes'!$D$5,F6='Hoy'!$B$3),J6<=TODAY()),ROW(),""),"") | P6: =IFERROR(IF(AND(A6<>"",H6<>"No",I6<>"",OR('Hoy'!$B$3='Ajustes'!$D$5,F6='Hoy'!$B$3),OR(J6=TODAY()+1,AND(I6<=7,J6>=TODAY(),J6<TODAY()+1,MOD(TODAY()+1-J6,I6)=0))),ROW(),""),"") | Q6: =IFERROR(IF(AND(A6<>"",H6<>"No",I6<>"",OR('Hoy'!$B$3='Ajustes'!$D$5,F6='Hoy'!$B$3),OR(J6=TODAY()+2,AND(I6<=7,J6>=TODAY(),J6<TODAY()+2,MOD(TODAY()+2-J6,I6)=0))),ROW(),""),"") | R6: =IFERROR(IF(AND(A6<>"",H6<>"No",I6<>"",OR('Hoy'!$B$3='Ajustes'!$D$5,F6='Hoy'!$B$3),OR(J6=TODAY()+3,AND(I6<=7,J6>=TODAY(),J6<TODAY()+3,MOD(TODAY()+3-J6,I6)=0))),ROW(),""),"") | S6: =IFERROR(IF(AND(A6<>"",H6<>"No",I6<>"",OR('Hoy'!$B$3='Ajustes'!$D$5,F6='Hoy'!$B$3),OR(J6=TODAY()+4,AND(I6<=7,J6>=TODAY(),J6<TODAY()+4,MOD(TODAY()+4-J6,I6)=0))),ROW(),""),"") | T6: =IFERROR(IF(AND(A6<>"",H6<>"No",I6<>"",OR('Hoy'!$B$3='Ajustes'!$D$5,F6='Hoy'!$B$3),OR(J6=TODAY()+5,AND(I6<=7,J6>=TODAY(),J6<TODAY()+5,MOD(TODAY()+5-J6,I6)=0))),ROW(),""),"") | U6: =IFERROR(IF(AND(A6<>"",H6<>"No",I6<>"",OR('Hoy'!$B$3='Ajustes'!$D$5,F6='Hoy'!$B$3),OR(J6=TODAY()+6,AND(I6<=7,J6>=TODAY(),J6<TODAY()+6,MOD(TODAY()+6-J6,I6)=0))),ROW(),""),"")
A7: Pasar un trapo por mesada y cocina | B7: Cocina | C7: 1 | D7: Días | E7: 5 | H7: Sí | I7: =IFERROR(IF(OR(A7="",C7=""),"",C7*INDEX('Ajustes'!$I$5:$I$8,MATCH(D7,'Ajustes'!$H$5:$H$8,0))),"") | J7: =IFERROR(IF(I7="","",IF(G7="",IF('Ajustes'!$B$5="",TODAY(),'Ajustes'!$B$5)+MOD(ROW()*13,I7),IF(D7='Ajustes'!$H$7,EDATE(G7,C7),IF(D7='Ajustes'!$H$8,EDATE(G7,12*C7),G7+I7)))),"") | K7: =IF(J7="","",J7-TODAY()) | L7: =IF(A7="","",IF(H7="No","Pausada",IF(K7="","",IF(K7<0,"Atrasada",IF(K7=0,"Hoy",IF(K7<=7,"Esta semana","Más adelante")))))) | M7: =IFERROR(IF(AND(OR(L7="Atrasada",L7="Hoy",L7="Esta semana"),OR('Hoy'!$B$3='Ajustes'!$D$5,F7='Hoy'!$B$3)),K7+ROW()/100000,""),"") | N7: =IF(OR(A7="",H7="No",I7=""),0,E7*7/I7) | O7: =IFERROR(IF(AND(A7<>"",H7<>"No",I7<>"",OR('Hoy'!$B$3='Ajustes'!$D$5,F7='Hoy'!$B$3),J7<=TODAY()),ROW(),""),"") | P7: =IFERROR(IF(AND(A7<>"",H7<>"No",I7<>"",OR('Hoy'!$B$3='Ajustes'!$D$5,F7='Hoy'!$B$3),OR(J7=TODAY()+1,AND(I7<=7,J7>=TODAY(),J7<TODAY()+1,MOD(TODAY()+1-J7,I7)=0))),ROW(),""),"") | Q7: =IFERROR(IF(AND(A7<>"",H7<>"No",I7<>"",OR('Hoy'!$B$3='Ajustes'!$D$5,F7='Hoy'!$B$3),OR(J7=TODAY()+2,AND(I7<=7,J7>=TODAY(),J7<TODAY()+2,MOD(TODAY()+2-J7,I7)=0))),ROW(),""),"") | R7: =IFERROR(IF(AND(A7<>"",H7<>"No",I7<>"",OR('Hoy'!$B$3='Ajustes'!$D$5,F7='Hoy'!$B$3),OR(J7=TODAY()+3,AND(I7<=7,J7>=TODAY(),J7<TODAY()+3,MOD(TODAY()+3-J7,I7)=0))),ROW(),""),"") | S7: =IFERROR(IF(AND(A7<>"",H7<>"No",I7<>"",OR('Hoy'!$B$3='Ajustes'!$D$5,F7='Hoy'!$B$3),OR(J7=TODAY()+4,AND(I7<=7,J7>=TODAY(),J7<TODAY()+4,MOD(TODAY()+4-J7,I7)=0))),ROW(),""),"") | T7: =IFERROR(IF(AND(A7<>"",H7<>"No",I7<>"",OR('Hoy'!$B$3='Ajustes'!$D$5,F7='Hoy'!$B$3),OR(J7=TODAY()+5,AND(I7<=7,J7>=TODAY(),J7<TODAY()+5,MOD(TODAY()+5-J7,I7)=0))),ROW(),""),"") | U7: =IFERROR(IF(AND(A7<>"",H7<>"No",I7<>"",OR('Hoy'!$B$3='Ajustes'!$D$5,F7='Hoy'!$B$3),OR(J7=TODAY()+6,AND(I7<=7,J7>=TODAY(),J7<TODAY()+6,MOD(TODAY()+6-J7,I7)=0))),ROW(),""),"")
A8: Sacar la basura de la cocina | B8: Cocina | C8: 1 | D8: Días | E8: 3 | H8: Sí | I8: =IFERROR(IF(OR(A8="",C8=""),"",C8*INDEX('Ajustes'!$I$5:$I$8,MATCH(D8,'Ajustes'!$H$5:$H$8,0))),"") | J8: =IFERROR(IF(I8="","",IF(G8="",IF('Ajustes'!$B$5="",TODAY(),'Ajustes'!$B$5)+MOD(ROW()*13,I8),IF(D8='Ajustes'!$H$7,EDATE(G8,C8),IF(D8='Ajustes'!$H$8,EDATE(G8,12*C8),G8+I8)))),"") | K8: =IF(J8="","",J8-TODAY()) | L8: =IF(A8="","",IF(H8="No","Pausada",IF(K8="","",IF(K8<0,"Atrasada",IF(K8=0,"Hoy",IF(K8<=7,"Esta semana","Más adelante")))))) | M8: =IFERROR(IF(AND(OR(L8="Atrasada",L8="Hoy",L8="Esta semana"),OR('Hoy'!$B$3='Ajustes'!$D$5,F8='Hoy'!$B$3)),K8+ROW()/100000,""),"") | N8: =IF(OR(A8="",H8="No",I8=""),0,E8*7/I8) | O8: =IFERROR(IF(AND(A8<>"",H8<>"No",I8<>"",OR('Hoy'!$B$3='Ajustes'!$D$5,F8='Hoy'!$B$3),J8<=TODAY()),ROW(),""),"") | P8: =IFERROR(IF(AND(A8<>"",H8<>"No",I8<>"",OR('Hoy'!$B$3='Ajustes'!$D$5,F8='Hoy'!$B$3),OR(J8=TODAY()+1,AND(I8<=7,J8>=TODAY(),J8<TODAY()+1,MOD(TODAY()+1-J8,I8)=0))),ROW(),""),"") | Q8: =IFERROR(IF(AND(A8<>"",H8<>"No",I8<>"",OR('Hoy'!$B$3='Ajustes'!$D$5,F8='Hoy'!$B$3),OR(J8=TODAY()+2,AND(I8<=7,J8>=TODAY(),J8<TODAY()+2,MOD(TODAY()+2-J8,I8)=0))),ROW(),""),"") | R8: =IFERROR(IF(AND(A8<>"",H8<>"No",I8<>"",OR('Hoy'!$B$3='Ajustes'!$D$5,F8='Hoy'!$B$3),OR(J8=TODAY()+3,AND(I8<=7,J8>=TODAY(),J8<TODAY()+3,MOD(TODAY()+3-J8,I8)=0))),ROW(),""),"") | S8: =IFERROR(IF(AND(A8<>"",H8<>"No",I8<>"",OR('Hoy'!$B$3='Ajustes'!$D$5,F8='Hoy'!$B$3),OR(J8=TODAY()+4,AND(I8<=7,J8>=TODAY(),J8<TODAY()+4,MOD(TODAY()+4-J8,I8)=0))),ROW(),""),"") | T8: =IFERROR(IF(AND(A8<>"",H8<>"No",I8<>"",OR('Hoy'!$B$3='Ajustes'!$D$5,F8='Hoy'!$B$3),OR(J8=TODAY()+5,AND(I8<=7,J8>=TODAY(),J8<TODAY()+5,MOD(TODAY()+5-J8,I8)=0))),ROW(),""),"") | U8: =IFERROR(IF(AND(A8<>"",H8<>"No",I8<>"",OR('Hoy'!$B$3='Ajustes'!$D$5,F8='Hoy'!$B$3),OR(J8=TODAY()+6,AND(I8<=7,J8>=TODAY(),J8<TODAY()+6,MOD(TODAY()+6-J8,I8)=0))),ROW(),""),"")
A9: Barrer el piso de la cocina | B9: Cocina | C9: 2 | D9: Días | E9: 5 | H9: Sí | I9: =IFERROR(IF(OR(A9="",C9=""),"",C9*INDEX('Ajustes'!$I$5:$I$8,MATCH(D9,'Ajustes'!$H$5:$H$8,0))),"") | J9: =IFERROR(IF(I9="","",IF(G9="",IF('Ajustes'!$B$5="",TODAY(),'Ajustes'!$B$5)+MOD(ROW()*13,I9),IF(D9='Ajustes'!$H$7,EDATE(G9,C9),IF(D9='Ajustes'!$H$8,EDATE(G9,12*C9),G9+I9)))),"") | K9: =IF(J9="","",J9-TODAY()) | L9: =IF(A9="","",IF(H9="No","Pausada",IF(K9="","",IF(K9<0,"Atrasada",IF(K9=0,"Hoy",IF(K9<=7,"Esta semana","Más adelante")))))) | M9: =IFERROR(IF(AND(OR(L9="Atrasada",L9="Hoy",L9="Esta semana"),OR('Hoy'!$B$3='Ajustes'!$D$5,F9='Hoy'!$B$3)),K9+ROW()/100000,""),"") | N9: =IF(OR(A9="",H9="No",I9=""),0,E9*7/I9) | O9: =IFERROR(IF(AND(A9<>"",H9<>"No",I9<>"",OR('Hoy'!$B$3='Ajustes'!$D$5,F9='Hoy'!$B$3),J9<=TODAY()),ROW(),""),"") | P9: =IFERROR(IF(AND(A9<>"",H9<>"No",I9<>"",OR('Hoy'!$B$3='Ajustes'!$D$5,F9='Hoy'!$B$3),OR(J9=TODAY()+1,AND(I9<=7,J9>=TODAY(),J9<TODAY()+1,MOD(TODAY()+1-J9,I9)=0))),ROW(),""),"") | Q9: =IFERROR(IF(AND(A9<>"",H9<>"No",I9<>"",OR('Hoy'!$B$3='Ajustes'!$D$5,F9='Hoy'!$B$3),OR(J9=TODAY()+2,AND(I9<=7,J9>=TODAY(),J9<TODAY()+2,MOD(TODAY()+2-J9,I9)=0))),ROW(),""),"") | R9: =IFERROR(IF(AND(A9<>"",H9<>"No",I9<>"",OR('Hoy'!$B$3='Ajustes'!$D$5,F9='Hoy'!$B$3),OR(J9=TODAY()+3,AND(I9<=7,J9>=TODAY(),J9<TODAY()+3,MOD(TODAY()+3-J9,I9)=0))),ROW(),""),"") | S9: =IFERROR(IF(AND(A9<>"",H9<>"No",I9<>"",OR('Hoy'!$B$3='Ajustes'!$D$5,F9='Hoy'!$B$3),OR(J9=TODAY()+4,AND(I9<=7,J9>=TODAY(),J9<TODAY()+4,MOD(TODAY()+4-J9,I9)=0))),ROW(),""),"") | T9: =IFERROR(IF(AND(A9<>"",H9<>"No",I9<>"",OR('Hoy'!$B$3='Ajustes'!$D$5,F9='Hoy'!$B$3),OR(J9=TODAY()+5,AND(I9<=7,J9>=TODAY(),J9<TODAY()+5,MOD(TODAY()+5-J9,I9)=0))),ROW(),""),"") | U9: =IFERROR(IF(AND(A9<>"",H9<>"No",I9<>"",OR('Hoy'!$B$3='Ajustes'!$D$5,F9='Hoy'!$B$3),OR(J9=TODAY()+6,AND(I9<=7,J9>=TODAY(),J9<TODAY()+6,MOD(TODAY()+6-J9,I9)=0))),ROW(),""),"")
A10: Trapear el piso de la cocina | B10: Cocina | C10: 1 | D10: Semanas | E10: 15 | H10: Sí | I10: =IFERROR(IF(OR(A10="",C10=""),"",C10*INDEX('Ajustes'!$I$5:$I$8,MATCH(D10,'Ajustes'!$H$5:$H$8,0))),"") | J10: =IFERROR(IF(I10="","",IF(G10="",IF('Ajustes'!$B$5="",TODAY(),'Ajustes'!$B$5)+MOD(ROW()*13,I10),IF(D10='Ajustes'!$H$7,EDATE(G10,C10),IF(D10='Ajustes'!$H$8,EDATE(G10,12*C10),G10+I10)))),"") | K10: =IF(J10="","",J10-TODAY()) | L10: =IF(A10="","",IF(H10="No","Pausada",IF(K10="","",IF(K10<0,"Atrasada",IF(K10=0,"Hoy",IF(K10<=7,"Esta semana","Más adelante")))))) | M10: =IFERROR(IF(AND(OR(L10="Atrasada",L10="Hoy",L10="Esta semana"),OR('Hoy'!$B$3='Ajustes'!$D$5,F10='Hoy'!$B$3)),K10+ROW()/100000,""),"") | N10: =IF(OR(A10="",H10="No",I10=""),0,E10*7/I10) | O10: =IFERROR(IF(AND(A10<>"",H10<>"No",I10<>"",OR('Hoy'!$B$3='Ajustes'!$D$5,F10='Hoy'!$B$3),J10<=TODAY()),ROW(),""),"") | P10: =IFERROR(IF(AND(A10<>"",H10<>"No",I10<>"",OR('Hoy'!$B$3='Ajustes'!$D$5,F10='Hoy'!$B$3),OR(J10=TODAY()+1,AND(I10<=7,J10>=TODAY(),J10<TODAY()+1,MOD(TODAY()+1-J10,I10)=0))),ROW(),""),"") | Q10: =IFERROR(IF(AND(A10<>"",H10<>"No",I10<>"",OR('Hoy'!$B$3='Ajustes'!$D$5,F10='Hoy'!$B$3),OR(J10=TODAY()+2,AND(I10<=7,J10>=TODAY(),J10<TODAY()+2,MOD(TODAY()+2-J10,I10)=0))),ROW(),""),"") | R10: =IFERROR(IF(AND(A10<>"",H10<>"No",I10<>"",OR('Hoy'!$B$3='Ajustes'!$D$5,F10='Hoy'!$B$3),OR(J10=TODAY()+3,AND(I10<=7,J10>=TODAY(),J10<TODAY()+3,MOD(TODAY()+3-J10,I10)=0))),ROW(),""),"") | S10: =IFERROR(IF(AND(A10<>"",H10<>"No",I10<>"",OR('Hoy'!$B$3='Ajustes'!$D$5,F10='Hoy'!$B$3),OR(J10=TODAY()+4,AND(I10<=7,J10>=TODAY(),J10<TODAY()+4,MOD(TODAY()+4-J10,I10)=0))),ROW(),""),"") | T10: =IFERROR(IF(AND(A10<>"",H10<>"No",I10<>"",OR('Hoy'!$B$3='Ajustes'!$D$5,F10='Hoy'!$B$3),OR(J10=TODAY()+5,AND(I10<=7,J10>=TODAY(),J10<TODAY()+5,MOD(TODAY()+5-J10,I10)=0))),ROW(),""),"") | U10: =IFERROR(IF(AND(A10<>"",H10<>"No",I10<>"",OR('Hoy'!$B$3='Ajustes'!$D$5,F10='Hoy'!$B$3),OR(J10=TODAY()+6,AND(I10<=7,J10>=TODAY(),J10<TODAY()+6,MOD(TODAY()+6-J10,I10)=0))),ROW(),""),"")
A11: Limpiar la pileta y el desagüe | B11: Cocina | C11: 1 | D11: Semanas | E11: 5 | H11: Sí | I11: =IFERROR(IF(OR(A11="",C11=""),"",C11*INDEX('Ajustes'!$I$5:$I$8,MATCH(D11,'Ajustes'!$H$5:$H$8,0))),"") | J11: =IFERROR(IF(I11="","",IF(G11="",IF('Ajustes'!$B$5="",TODAY(),'Ajustes'!$B$5)+MOD(ROW()*13,I11),IF(D11='Ajustes'!$H$7,EDATE(G11,C11),IF(D11='Ajustes'!$H$8,EDATE(G11,12*C11),G11+I11)))),"") | K11: =IF(J11="","",J11-TODAY()) | L11: =IF(A11="","",IF(H11="No","Pausada",IF(K11="","",IF(K11<0,"Atrasada",IF(K11=0,"Hoy",IF(K11<=7,"Esta semana","Más adelante")))))) | M11: =IFERROR(IF(AND(OR(L11="Atrasada",L11="Hoy",L11="Esta semana"),OR('Hoy'!$B$3='Ajustes'!$D$5,F11='Hoy'!$B$3)),K11+ROW()/100000,""),"") | N11: =IF(OR(A11="",H11="No",I11=""),0,E11*7/I11) | O11: =IFERROR(IF(AND(A11<>"",H11<>"No",I11<>"",OR('Hoy'!$B$3='Ajustes'!$D$5,F11='Hoy'!$B$3),J11<=TODAY()),ROW(),""),"") | P11: =IFERROR(IF(AND(A11<>"",H11<>"No",I11<>"",OR('Hoy'!$B$3='Ajustes'!$D$5,F11='Hoy'!$B$3),OR(J11=TODAY()+1,AND(I11<=7,J11>=TODAY(),J11<TODAY()+1,MOD(TODAY()+1-J11,I11)=0))),ROW(),""),"") | Q11: =IFERROR(IF(AND(A11<>"",H11<>"No",I11<>"",OR('Hoy'!$B$3='Ajustes'!$D$5,F11='Hoy'!$B$3),OR(J11=TODAY()+2,AND(I11<=7,J11>=TODAY(),J11<TODAY()+2,MOD(TODAY()+2-J11,I11)=0))),ROW(),""),"") | R11: =IFERROR(IF(AND(A11<>"",H11<>"No",I11<>"",OR('Hoy'!$B$3='Ajustes'!$D$5,F11='Hoy'!$B$3),OR(J11=TODAY()+3,AND(I11<=7,J11>=TODAY(),J11<TODAY()+3,MOD(TODAY()+3-J11,I11)=0))),ROW(),""),"") | S11: =IFERROR(IF(AND(A11<>"",H11<>"No",I11<>"",OR('Hoy'!$B$3='Ajustes'!$D$5,F11='Hoy'!$B$3),OR(J11=TODAY()+4,AND(I11<=7,J11>=TODAY(),J11<TODAY()+4,MOD(TODAY()+4-J11,I11)=0))),ROW(),""),"") | T11: =IFERROR(IF(AND(A11<>"",H11<>"No",I11<>"",OR('Hoy'!$B$3='Ajustes'!$D$5,F11='Hoy'!$B$3),OR(J11=TODAY()+5,AND(I11<=7,J11>=TODAY(),J11<TODAY()+5,MOD(TODAY()+5-J11,I11)=0))),ROW(),""),"") | U11: =IFERROR(IF(AND(A11<>"",H11<>"No",I11<>"",OR('Hoy'!$B$3='Ajustes'!$D$5,F11='Hoy'!$B$3),OR(J11=TODAY()+6,AND(I11<=7,J11>=TODAY(),J11<TODAY()+6,MOD(TODAY()+6-J11,I11)=0))),ROW(),""),"")
A12: Limpiar estantes de la heladera y tirar lo vencido | B12: Cocina | C12: 1 | D12: Semanas | E12: 10 | H12: Sí | I12: =IFERROR(IF(OR(A12="",C12=""),"",C12*INDEX('Ajustes'!$I$5:$I$8,MATCH(D12,'Ajustes'!$H$5:$H$8,0))),"") | J12: =IFERROR(IF(I12="","",IF(G12="",IF('Ajustes'!$B$5="",TODAY(),'Ajustes'!$B$5)+MOD(ROW()*13,I12),IF(D12='Ajustes'!$H$7,EDATE(G12,C12),IF(D12='Ajustes'!$H$8,EDATE(G12,12*C12),G12+I12)))),"") | K12: =IF(J12="","",J12-TODAY()) | L12: =IF(A12="","",IF(H12="No","Pausada",IF(K12="","",IF(K12<0,"Atrasada",IF(K12=0,"Hoy",IF(K12<=7,"Esta semana","Más adelante")))))) | M12: =IFERROR(IF(AND(OR(L12="Atrasada",L12="Hoy",L12="Esta semana"),OR('Hoy'!$B$3='Ajustes'!$D$5,F12='Hoy'!$B$3)),K12+ROW()/100000,""),"") | N12: =IF(OR(A12="",H12="No",I12=""),0,E12*7/I12) | O12: =IFERROR(IF(AND(A12<>"",H12<>"No",I12<>"",OR('Hoy'!$B$3='Ajustes'!$D$5,F12='Hoy'!$B$3),J12<=TODAY()),ROW(),""),"") | P12: =IFERROR(IF(AND(A12<>"",H12<>"No",I12<>"",OR('Hoy'!$B$3='Ajustes'!$D$5,F12='Hoy'!$B$3),OR(J12=TODAY()+1,AND(I12<=7,J12>=TODAY(),J12<TODAY()+1,MOD(TODAY()+1-J12,I12)=0))),ROW(),""),"") | Q12: =IFERROR(IF(AND(A12<>"",H12<>"No",I12<>"",OR('Hoy'!$B$3='Ajustes'!$D$5,F12='Hoy'!$B$3),OR(J12=TODAY()+2,AND(I12<=7,J12>=TODAY(),J12<TODAY()+2,MOD(TODAY()+2-J12,I12)=0))),ROW(),""),"") | R12: =IFERROR(IF(AND(A12<>"",H12<>"No",I12<>"",OR('Hoy'!$B$3='Ajustes'!$D$5,F12='Hoy'!$B$3),OR(J12=TODAY()+3,AND(I12<=7,J12>=TODAY(),J12<TODAY()+3,MOD(TODAY()+3-J12,I12)=0))),ROW(),""),"") | S12: =IFERROR(IF(AND(A12<>"",H12<>"No",I12<>"",OR('Hoy'!$B$3='Ajustes'!$D$5,F12='Hoy'!$B$3),OR(J12=TODAY()+4,AND(I12<=7,J12>=TODAY(),J12<TODAY()+4,MOD(TODAY()+4-J12,I12)=0))),ROW(),""),"") | T12: =IFERROR(IF(AND(A12<>"",H12<>"No",I12<>"",OR('Hoy'!$B$3='Ajustes'!$D$5,F12='Hoy'!$B$3),OR(J12=TODAY()+5,AND(I12<=7,J12>=TODAY(),J12<TODAY()+5,MOD(TODAY()+5-J12,I12)=0))),ROW(),""),"") | U12: =IFERROR(IF(AND(A12<>"",H12<>"No",I12<>"",OR('Hoy'!$B$3='Ajustes'!$D$5,F12='Hoy'!$B$3),OR(J12=TODAY()+6,AND(I12<=7,J12>=TODAY(),J12<TODAY()+6,MOD(TODAY()+6-J12,I12)=0))),ROW(),""),"")
A13: Limpiar el microondas por dentro | B13: Cocina | C13: 2 | D13: Semanas | E13: 5 | H13: Sí | I13: =IFERROR(IF(OR(A13="",C13=""),"",C13*INDEX('Ajustes'!$I$5:$I$8,MATCH(D13,'Ajustes'!$H$5:$H$8,0))),"") | J13: =IFERROR(IF(I13="","",IF(G13="",IF('Ajustes'!$B$5="",TODAY(),'Ajustes'!$B$5)+MOD(ROW()*13,I13),IF(D13='Ajustes'!$H$7,EDATE(G13,C13),IF(D13='Ajustes'!$H$8,EDATE(G13,12*C13),G13+I13)))),"") | K13: =IF(J13="","",J13-TODAY()) | L13: =IF(A13="","",IF(H13="No","Pausada",IF(K13="","",IF(K13<0,"Atrasada",IF(K13=0,"Hoy",IF(K13<=7,"Esta semana","Más adelante")))))) | M13: =IFERROR(IF(AND(OR(L13="Atrasada",L13="Hoy",L13="Esta semana"),OR('Hoy'!$B$3='Ajustes'!$D$5,F13='Hoy'!$B$3)),K13+ROW()/100000,""),"") | N13: =IF(OR(A13="",H13="No",I13=""),0,E13*7/I13) | O13: =IFERROR(IF(AND(A13<>"",H13<>"No",I13<>"",OR('Hoy'!$B$3='Ajustes'!$D$5,F13='Hoy'!$B$3),J13<=TODAY()),ROW(),""),"") | P13: =IFERROR(IF(AND(A13<>"",H13<>"No",I13<>"",OR('Hoy'!$B$3='Ajustes'!$D$5,F13='Hoy'!$B$3),OR(J13=TODAY()+1,AND(I13<=7,J13>=TODAY(),J13<TODAY()+1,MOD(TODAY()+1-J13,I13)=0))),ROW(),""),"") | Q13: =IFERROR(IF(AND(A13<>"",H13<>"No",I13<>"",OR('Hoy'!$B$3='Ajustes'!$D$5,F13='Hoy'!$B$3),OR(J13=TODAY()+2,AND(I13<=7,J13>=TODAY(),J13<TODAY()+2,MOD(TODAY()+2-J13,I13)=0))),ROW(),""),"") | R13: =IFERROR(IF(AND(A13<>"",H13<>"No",I13<>"",OR('Hoy'!$B$3='Ajustes'!$D$5,F13='Hoy'!$B$3),OR(J13=TODAY()+3,AND(I13<=7,J13>=TODAY(),J13<TODAY()+3,MOD(TODAY()+3-J13,I13)=0))),ROW(),""),"") | S13: =IFERROR(IF(AND(A13<>"",H13<>"No",I13<>"",OR('Hoy'!$B$3='Ajustes'!$D$5,F13='Hoy'!$B$3),OR(J13=TODAY()+4,AND(I13<=7,J13>=TODAY(),J13<TODAY()+4,MOD(TODAY()+4-J13,I13)=0))),ROW(),""),"") | T13: =IFERROR(IF(AND(A13<>"",H13<>"No",I13<>"",OR('Hoy'!$B$3='Ajustes'!$D$5,F13='Hoy'!$B$3),OR(J13=TODAY()+5,AND(I13<=7,J13>=TODAY(),J13<TODAY()+5,MOD(TODAY()+5-J13,I13)=0))),ROW(),""),"") | U13: =IFERROR(IF(AND(A13<>"",H13<>"No",I13<>"",OR('Hoy'!$B$3='Ajustes'!$D$5,F13='Hoy'!$B$3),OR(J13=TODAY()+6,AND(I13<=7,J13>=TODAY(),J13<TODAY()+6,MOD(TODAY()+6-J13,I13)=0))),ROW(),""),"")
A14: Cambiar la esponja de los platos | B14: Cocina | C14: 2 | D14: Semanas | E14: 1 | H14: Sí | I14: =IFERROR(IF(OR(A14="",C14=""),"",C14*INDEX('Ajustes'!$I$5:$I$8,MATCH(D14,'Ajustes'!$H$5:$H$8,0))),"") | J14: =IFERROR(IF(I14="","",IF(G14="",IF('Ajustes'!$B$5="",TODAY(),'Ajustes'!$B$5)+MOD(ROW()*13,I14),IF(D14='Ajustes'!$H$7,EDATE(G14,C14),IF(D14='Ajustes'!$H$8,EDATE(G14,12*C14),G14+I14)))),"") | K14: =IF(J14="","",J14-TODAY()) | L14: =IF(A14="","",IF(H14="No","Pausada",IF(K14="","",IF(K14<0,"Atrasada",IF(K14=0,"Hoy",IF(K14<=7,"Esta semana","Más adelante")))))) | M14: =IFERROR(IF(AND(OR(L14="Atrasada",L14="Hoy",L14="Esta semana"),OR('Hoy'!$B$3='Ajustes'!$D$5,F14='Hoy'!$B$3)),K14+ROW()/100000,""),"") | N14: =IF(OR(A14="",H14="No",I14=""),0,E14*7/I14) | O14: =IFERROR(IF(AND(A14<>"",H14<>"No",I14<>"",OR('Hoy'!$B$3='Ajustes'!$D$5,F14='Hoy'!$B$3),J14<=TODAY()),ROW(),""),"") | P14: =IFERROR(IF(AND(A14<>"",H14<>"No",I14<>"",OR('Hoy'!$B$3='Ajustes'!$D$5,F14='Hoy'!$B$3),OR(J14=TODAY()+1,AND(I14<=7,J14>=TODAY(),J14<TODAY()+1,MOD(TODAY()+1-J14,I14)=0))),ROW(),""),"") | Q14: =IFERROR(IF(AND(A14<>"",H14<>"No",I14<>"",OR('Hoy'!$B$3='Ajustes'!$D$5,F14='Hoy'!$B$3),OR(J14=TODAY()+2,AND(I14<=7,J14>=TODAY(),J14<TODAY()+2,MOD(TODAY()+2-J14,I14)=0))),ROW(),""),"") | R14: =IFERROR(IF(AND(A14<>"",H14<>"No",I14<>"",OR('Hoy'!$B$3='Ajustes'!$D$5,F14='Hoy'!$B$3),OR(J14=TODAY()+3,AND(I14<=7,J14>=TODAY(),J14<TODAY()+3,MOD(TODAY()+3-J14,I14)=0))),ROW(),""),"") | S14: =IFERROR(IF(AND(A14<>"",H14<>"No",I14<>"",OR('Hoy'!$B$3='Ajustes'!$D$5,F14='Hoy'!$B$3),OR(J14=TODAY()+4,AND(I14<=7,J14>=TODAY(),J14<TODAY()+4,MOD(TODAY()+4-J14,I14)=0))),ROW(),""),"") | T14: =IFERROR(IF(AND(A14<>"",H14<>"No",I14<>"",OR('Hoy'!$B$3='Ajustes'!$D$5,F14='Hoy'!$B$3),OR(J14=TODAY()+5,AND(I14<=7,J14>=TODAY(),J14<TODAY()+5,MOD(TODAY()+5-J14,I14)=0))),ROW(),""),"") | U14: =IFERROR(IF(AND(A14<>"",H14<>"No",I14<>"",OR('Hoy'!$B$3='Ajustes'!$D$5,F14='Hoy'!$B$3),OR(J14=TODAY()+6,AND(I14<=7,J14>=TODAY(),J14<TODAY()+6,MOD(TODAY()+6-J14,I14)=0))),ROW(),""),"")
A15: Descalcificar pava / cafetera | B15: Cocina | C15: 1 | D15: Meses | E15: 10 | H15: Sí | I15: =IFERROR(IF(OR(A15="",C15=""),"",C15*INDEX('Ajustes'!$I$5:$I$8,MATCH(D15,'Ajustes'!$H$5:$H$8,0))),"") | J15: =IFERROR(IF(I15="","",IF(G15="",IF('Ajustes'!$B$5="",TODAY(),'Ajustes'!$B$5)+MOD(ROW()*13,I15),IF(D15='Ajustes'!$H$7,EDATE(G15,C15),IF(D15='Ajustes'!$H$8,EDATE(G15,12*C15),G15+I15)))),"") | K15: =IF(J15="","",J15-TODAY()) | L15: =IF(A15="","",IF(H15="No","Pausada",IF(K15="","",IF(K15<0,"Atrasada",IF(K15=0,"Hoy",IF(K15<=7,"Esta semana","Más adelante")))))) | M15: =IFERROR(IF(AND(OR(L15="Atrasada",L15="Hoy",L15="Esta semana"),OR('Hoy'!$B$3='Ajustes'!$D$5,F15='Hoy'!$B$3)),K15+ROW()/100000,""),"") | N15: =IF(OR(A15="",H15="No",I15=""),0,E15*7/I15) | O15: =IFERROR(IF(AND(A15<>"",H15<>"No",I15<>"",OR('Hoy'!$B$3='Ajustes'!$D$5,F15='Hoy'!$B$3),J15<=TODAY()),ROW(),""),"") | P15: =IFERROR(IF(AND(A15<>"",H15<>"No",I15<>"",OR('Hoy'!$B$3='Ajustes'!$D$5,F15='Hoy'!$B$3),OR(J15=TODAY()+1,AND(I15<=7,J15>=TODAY(),J15<TODAY()+1,MOD(TODAY()+1-J15,I15)=0))),ROW(),""),"") | Q15: =IFERROR(IF(AND(A15<>"",H15<>"No",I15<>"",OR('Hoy'!$B$3='Ajustes'!$D$5,F15='Hoy'!$B$3),OR(J15=TODAY()+2,AND(I15<=7,J15>=TODAY(),J15<TODAY()+2,MOD(TODAY()+2-J15,I15)=0))),ROW(),""),"") | R15: =IFERROR(IF(AND(A15<>"",H15<>"No",I15<>"",OR('Hoy'!$B$3='Ajustes'!$D$5,F15='Hoy'!$B$3),OR(J15=TODAY()+3,AND(I15<=7,J15>=TODAY(),J15<TODAY()+3,MOD(TODAY()+3-J15,I15)=0))),ROW(),""),"") | S15: =IFERROR(IF(AND(A15<>"",H15<>"No",I15<>"",OR('Hoy'!$B$3='Ajustes'!$D$5,F15='Hoy'!$B$3),OR(J15=TODAY()+4,AND(I15<=7,J15>=TODAY(),J15<TODAY()+4,MOD(TODAY()+4-J15,I15)=0))),ROW(),""),"") | T15: =IFERROR(IF(AND(A15<>"",H15<>"No",I15<>"",OR('Hoy'!$B$3='Ajustes'!$D$5,F15='Hoy'!$B$3),OR(J15=TODAY()+5,AND(I15<=7,J15>=TODAY(),J15<TODAY()+5,MOD(TODAY()+5-J15,I15)=0))),ROW(),""),"") | U15: =IFERROR(IF(AND(A15<>"",H15<>"No",I15<>"",OR('Hoy'!$B$3='Ajustes'!$D$5,F15='Hoy'!$B$3),OR(J15=TODAY()+6,AND(I15<=7,J15>=TODAY(),J15<TODAY()+6,MOD(TODAY()+6-J15,I15)=0))),ROW(),""),"")
A16: Limpiar frentes y manijas de alacenas | B16: Cocina | C16: 1 | D16: Meses | E16: 15 | H16: Sí | I16: =IFERROR(IF(OR(A16="",C16=""),"",C16*INDEX('Ajustes'!$I$5:$I$8,MATCH(D16,'Ajustes'!$H$5:$H$8,0))),"") | J16: =IFERROR(IF(I16="","",IF(G16="",IF('Ajustes'!$B$5="",TODAY(),'Ajustes'!$B$5)+MOD(ROW()*13,I16),IF(D16='Ajustes'!$H$7,EDATE(G16,C16),IF(D16='Ajustes'!$H$8,EDATE(G16,12*C16),G16+I16)))),"") | K16: =IF(J16="","",J16-TODAY()) | L16: =IF(A16="","",IF(H16="No","Pausada",IF(K16="","",IF(K16<0,"Atrasada",IF(K16=0,"Hoy",IF(K16<=7,"Esta semana","Más adelante")))))) | M16: =IFERROR(IF(AND(OR(L16="Atrasada",L16="Hoy",L16="Esta semana"),OR('Hoy'!$B$3='Ajustes'!$D$5,F16='Hoy'!$B$3)),K16+ROW()/100000,""),"") | N16: =IF(OR(A16="",H16="No",I16=""),0,E16*7/I16) | O16: =IFERROR(IF(AND(A16<>"",H16<>"No",I16<>"",OR('Hoy'!$B$3='Ajustes'!$D$5,F16='Hoy'!$B$3),J16<=TODAY()),ROW(),""),"") | P16: =IFERROR(IF(AND(A16<>"",H16<>"No",I16<>"",OR('Hoy'!$B$3='Ajustes'!$D$5,F16='Hoy'!$B$3),OR(J16=TODAY()+1,AND(I16<=7,J16>=TODAY(),J16<TODAY()+1,MOD(TODAY()+1-J16,I16)=0))),ROW(),""),"") | Q16: =IFERROR(IF(AND(A16<>"",H16<>"No",I16<>"",OR('Hoy'!$B$3='Ajustes'!$D$5,F16='Hoy'!$B$3),OR(J16=TODAY()+2,AND(I16<=7,J16>=TODAY(),J16<TODAY()+2,MOD(TODAY()+2-J16,I16)=0))),ROW(),""),"") | R16: =IFERROR(IF(AND(A16<>"",H16<>"No",I16<>"",OR('Hoy'!$B$3='Ajustes'!$D$5,F16='Hoy'!$B$3),OR(J16=TODAY()+3,AND(I16<=7,J16>=TODAY(),J16<TODAY()+3,MOD(TODAY()+3-J16,I16)=0))),ROW(),""),"") | S16: =IFERROR(IF(AND(A16<>"",H16<>"No",I16<>"",OR('Hoy'!$B$3='Ajustes'!$D$5,F16='Hoy'!$B$3),OR(J16=TODAY()+4,AND(I16<=7,J16>=TODAY(),J16<TODAY()+4,MOD(TODAY()+4-J16,I16)=0))),ROW(),""),"") | T16: =IFERROR(IF(AND(A16<>"",H16<>"No",I16<>"",OR('Hoy'!$B$3='Ajustes'!$D$5,F16='Hoy'!$B$3),OR(J16=TODAY()+5,AND(I16<=7,J16>=TODAY(),J16<TODAY()+5,MOD(TODAY()+5-J16,I16)=0))),ROW(),""),"") | U16: =IFERROR(IF(AND(A16<>"",H16<>"No",I16<>"",OR('Hoy'!$B$3='Ajustes'!$D$5,F16='Hoy'!$B$3),OR(J16=TODAY()+6,AND(I16<=7,J16>=TODAY(),J16<TODAY()+6,MOD(TODAY()+6-J16,I16)=0))),ROW(),""),"")
A17: Limpieza profunda de la heladera | B17: Cocina | C17: 3 | D17: Meses | E17: 30 | H17: Sí | I17: =IFERROR(IF(OR(A17="",C17=""),"",C17*INDEX('Ajustes'!$I$5:$I$8,MATCH(D17,'Ajustes'!$H$5:$H$8,0))),"") | J17: =IFERROR(IF(I17="","",IF(G17="",IF('Ajustes'!$B$5="",TODAY(),'Ajustes'!$B$5)+MOD(ROW()*13,I17),IF(D17='Ajustes'!$H$7,EDATE(G17,C17),IF(D17='Ajustes'!$H$8,EDATE(G17,12*C17),G17+I17)))),"") | K17: =IF(J17="","",J17-TODAY()) | L17: =IF(A17="","",IF(H17="No","Pausada",IF(K17="","",IF(K17<0,"Atrasada",IF(K17=0,"Hoy",IF(K17<=7,"Esta semana","Más adelante")))))) | M17: =IFERROR(IF(AND(OR(L17="Atrasada",L17="Hoy",L17="Esta semana"),OR('Hoy'!$B$3='Ajustes'!$D$5,F17='Hoy'!$B$3)),K17+ROW()/100000,""),"") | N17: =IF(OR(A17="",H17="No",I17=""),0,E17*7/I17) | O17: =IFERROR(IF(AND(A17<>"",H17<>"No",I17<>"",OR('Hoy'!$B$3='Ajustes'!$D$5,F17='Hoy'!$B$3),J17<=TODAY()),ROW(),""),"") | P17: =IFERROR(IF(AND(A17<>"",H17<>"No",I17<>"",OR('Hoy'!$B$3='Ajustes'!$D$5,F17='Hoy'!$B$3),OR(J17=TODAY()+1,AND(I17<=7,J17>=TODAY(),J17<TODAY()+1,MOD(TODAY()+1-J17,I17)=0))),ROW(),""),"") | Q17: =IFERROR(IF(AND(A17<>"",H17<>"No",I17<>"",OR('Hoy'!$B$3='Ajustes'!$D$5,F17='Hoy'!$B$3),OR(J17=TODAY()+2,AND(I17<=7,J17>=TODAY(),J17<TODAY()+2,MOD(TODAY()+2-J17,I17)=0))),ROW(),""),"") | R17: =IFERROR(IF(AND(A17<>"",H17<>"No",I17<>"",OR('Hoy'!$B$3='Ajustes'!$D$5,F17='Hoy'!$B$3),OR(J17=TODAY()+3,AND(I17<=7,J17>=TODAY(),J17<TODAY()+3,MOD(TODAY()+3-J17,I17)=0))),ROW(),""),"") | S17: =IFERROR(IF(AND(A17<>"",H17<>"No",I17<>"",OR('Hoy'!$B$3='Ajustes'!$D$5,F17='Hoy'!$B$3),OR(J17=TODAY()+4,AND(I17<=7,J17>=TODAY(),J17<TODAY()+4,MOD(TODAY()+4-J17,I17)=0))),ROW(),""),"") | T17: =IFERROR(IF(AND(A17<>"",H17<>"No",I17<>"",OR('Hoy'!$B$3='Ajustes'!$D$5,F17='Hoy'!$B$3),OR(J17=TODAY()+5,AND(I17<=7,J17>=TODAY(),J17<TODAY()+5,MOD(TODAY()+5-J17,I17)=0))),ROW(),""),"") | U17: =IFERROR(IF(AND(A17<>"",H17<>"No",I17<>"",OR('Hoy'!$B$3='Ajustes'!$D$5,F17='Hoy'!$B$3),OR(J17=TODAY()+6,AND(I17<=7,J17>=TODAY(),J17<TODAY()+6,MOD(TODAY()+6-J17,I17)=0))),ROW(),""),"")
... A82: Barrer balcón / patio | B82: Auto y exterior | C82: 1 | D82: Semanas | E82: 10 | H82: Sí | I82: =IFERROR(IF(OR(A82="",C82=""),"",C82*INDEX('Ajustes'!$I$5:$I$8,MATCH(D82,'Ajustes'!$H$5:$H$8,0))),"") | J82: =IFERROR(IF(I82="","",IF(G82="",IF('Ajustes'!$B$5="",TODAY(),'Ajustes'!$B$5)+MOD(ROW()*13,I82),IF(D82='Ajustes'!$H$7,EDATE(G82,C82),IF(D82='Ajustes'!$H$8,EDATE(G82,12*C82),G82+I82)))),"") | K82: =IF(J82="","",J82-TODAY()) | L82: =IF(A82="","",IF(H82="No","Pausada",IF(K82="","",IF(K82<0,"Atrasada",IF(K82=0,"Hoy",IF(K82<=7,"Esta semana","Más adelante")))))) | M82: =IFERROR(IF(AND(OR(L82="Atrasada",L82="Hoy",L82="Esta semana"),OR('Hoy'!$B$3='Ajustes'!$D$5,F82='Hoy'!$B$3)),K82+ROW()/100000,""),"") | N82: =IF(OR(A82="",H82="No",I82=""),0,E82*7/I82) | O82: =IFERROR(IF(AND(A82<>"",H82<>"No",I82<>"",OR('Hoy'!$B$3='Ajustes'!$D$5,F82='Hoy'!$B$3),J82<=TODAY()),ROW(),""),"") | P82: =IFERROR(IF(AND(A82<>"",H82<>"No",I82<>"",OR('Hoy'!$B$3='Ajustes'!$D$5,F82='Hoy'!$B$3),OR(J82=TODAY()+1,AND(I82<=7,J82>=TODAY(),J82<TODAY()+1,MOD(TODAY()+1-J82,I82)=0))),ROW(),""),"") | Q82: =IFERROR(IF(AND(A82<>"",H82<>"No",I82<>"",OR('Hoy'!$B$3='Ajustes'!$D$5,F82='Hoy'!$B$3),OR(J82=TODAY()+2,AND(I82<=7,J82>=TODAY(),J82<TODAY()+2,MOD(TODAY()+2-J82,I82)=0))),ROW(),""),"") | R82: =IFERROR(IF(AND(A82<>"",H82<>"No",I82<>"",OR('Hoy'!$B$3='Ajustes'!$D$5,F82='Hoy'!$B$3),OR(J82=TODAY()+3,AND(I82<=7,J82>=TODAY(),J82<TODAY()+3,MOD(TODAY()+3-J82,I82)=0))),ROW(),""),"") | S82: =IFERROR(IF(AND(A82<>"",H82<>"No",I82<>"",OR('Hoy'!$B$3='Ajustes'!$D$5,F82='Hoy'!$B$3),OR(J82=TODAY()+4,AND(I82<=7,J82>=TODAY(),J82<TODAY()+4,MOD(TODAY()+4-J82,I82)=0))),ROW(),""),"") | T82: =IFERROR(IF(AND(A82<>"",H82<>"No",I82<>"",OR('Hoy'!$B$3='Ajustes'!$D$5,F82='Hoy'!$B$3),OR(J82=TODAY()+5,AND(I82<=7,J82>=TODAY(),J82<TODAY()+5,MOD(TODAY()+5-J82,I82)=0))),ROW(),""),"") | U82: =IFERROR(IF(AND(A82<>"",H82<>"No",I82<>"",OR('Hoy'!$B$3='Ajustes'!$D$5,F82='Hoy'!$B$3),OR(J82=TODAY()+6,AND(I82<=7,J82>=TODAY(),J82<TODAY()+6,MOD(TODAY()+6-J82,I82)=0))),ROW(),""),"")
H83: Sí | I83: =IFERROR(IF(OR(A83="",C83=""),"",C83*INDEX('Ajustes'!$I$5:$I$8,MATCH(D83,'Ajustes'!$H$5:$H$8,0))),"") | J83: =IFERROR(IF(I83="","",IF(G83="",IF('Ajustes'!$B$5="",TODAY(),'Ajustes'!$B$5)+MOD(ROW()*13,I83),IF(D83='Ajustes'!$H$7,EDATE(G83,C83),IF(D83='Ajustes'!$H$8,EDATE(G83,12*C83),G83+I83)))),"") | K83: =IF(J83="","",J83-TODAY()) | L83: =IF(A83="","",IF(H83="No","Pausada",IF(K83="","",IF(K83<0,"Atrasada",IF(K83=0,"Hoy",IF(K83<=7,"Esta semana","Más adelante")))))) | M83: =IFERROR(IF(AND(OR(L83="Atrasada",L83="Hoy",L83="Esta semana"),OR('Hoy'!$B$3='Ajustes'!$D$5,F83='Hoy'!$B$3)),K83+ROW()/100000,""),"") | N83: =IF(OR(A83="",H83="No",I83=""),0,E83*7/I83) | O83: =IFERROR(IF(AND(A83<>"",H83<>"No",I83<>"",OR('Hoy'!$B$3='Ajustes'!$D$5,F83='Hoy'!$B$3),J83<=TODAY()),ROW(),""),"") | P83: =IFERROR(IF(AND(A83<>"",H83<>"No",I83<>"",OR('Hoy'!$B$3='Ajustes'!$D$5,F83='Hoy'!$B$3),OR(J83=TODAY()+1,AND(I83<=7,J83>=TODAY(),J83<TODAY()+1,MOD(TODAY()+1-J83,I83)=0))),ROW(),""),"") | Q83: =IFERROR(IF(AND(A83<>"",H83<>"No",I83<>"",OR('Hoy'!$B$3='Ajustes'!$D$5,F83='Hoy'!$B$3),OR(J83=TODAY()+2,AND(I83<=7,J83>=TODAY(),J83<TODAY()+2,MOD(TODAY()+2-J83,I83)=0))),ROW(),""),"") | R83: =IFERROR(IF(AND(A83<>"",H83<>"No",I83<>"",OR('Hoy'!$B$3='Ajustes'!$D$5,F83='Hoy'!$B$3),OR(J83=TODAY()+3,AND(I83<=7,J83>=TODAY(),J83<TODAY()+3,MOD(TODAY()+3-J83,I83)=0))),ROW(),""),"") | S83: =IFERROR(IF(AND(A83<>"",H83<>"No",I83<>"",OR('Hoy'!$B$3='Ajustes'!$D$5,F83='Hoy'!$B$3),OR(J83=TODAY()+4,AND(I83<=7,J83>=TODAY(),J83<TODAY()+4,MOD(TODAY()+4-J83,I83)=0))),ROW(),""),"") | T83: =IFERROR(IF(AND(A83<>"",H83<>"No",I83<>"",OR('Hoy'!$B$3='Ajustes'!$D$5,F83='Hoy'!$B$3),OR(J83=TODAY()+5,AND(I83<=7,J83>=TODAY(),J83<TODAY()+5,MOD(TODAY()+5-J83,I83)=0))),ROW(),""),"") | U83: =IFERROR(IF(AND(A83<>"",H83<>"No",I83<>"",OR('Hoy'!$B$3='Ajustes'!$D$5,F83='Hoy'!$B$3),OR(J83=TODAY()+6,AND(I83<=7,J83>=TODAY(),J83<TODAY()+6,MOD(TODAY()+6-J83,I83)=0))),ROW(),""),"")
H84: Sí | I84: =IFERROR(IF(OR(A84="",C84=""),"",C84*INDEX('Ajustes'!$I$5:$I$8,MATCH(D84,'Ajustes'!$H$5:$H$8,0))),"") | J84: =IFERROR(IF(I84="","",IF(G84="",IF('Ajustes'!$B$5="",TODAY(),'Ajustes'!$B$5)+MOD(ROW()*13,I84),IF(D84='Ajustes'!$H$7,EDATE(G84,C84),IF(D84='Ajustes'!$H$8,EDATE(G84,12*C84),G84+I84)))),"") | K84: =IF(J84="","",J84-TODAY()) | L84: =IF(A84="","",IF(H84="No","Pausada",IF(K84="","",IF(K84<0,"Atrasada",IF(K84=0,"Hoy",IF(K84<=7,"Esta semana","Más adelante")))))) | M84: =IFERROR(IF(AND(OR(L84="Atrasada",L84="Hoy",L84="Esta semana"),OR('Hoy'!$B$3='Ajustes'!$D$5,F84='Hoy'!$B$3)),K84+ROW()/100000,""),"") | N84: =IF(OR(A84="",H84="No",I84=""),0,E84*7/I84) | O84: =IFERROR(IF(AND(A84<>"",H84<>"No",I84<>"",OR('Hoy'!$B$3='Ajustes'!$D$5,F84='Hoy'!$B$3),J84<=TODAY()),ROW(),""),"") | P84: =IFERROR(IF(AND(A84<>"",H84<>"No",I84<>"",OR('Hoy'!$B$3='Ajustes'!$D$5,F84='Hoy'!$B$3),OR(J84=TODAY()+1,AND(I84<=7,J84>=TODAY(),J84<TODAY()+1,MOD(TODAY()+1-J84,I84)=0))),ROW(),""),"") | Q84: =IFERROR(IF(AND(A84<>"",H84<>"No",I84<>"",OR('Hoy'!$B$3='Ajustes'!$D$5,F84='Hoy'!$B$3),OR(J84=TODAY()+2,AND(I84<=7,J84>=TODAY(),J84<TODAY()+2,MOD(TODAY()+2-J84,I84)=0))),ROW(),""),"") | R84: =IFERROR(IF(AND(A84<>"",H84<>"No",I84<>"",OR('Hoy'!$B$3='Ajustes'!$D$5,F84='Hoy'!$B$3),OR(J84=TODAY()+3,AND(I84<=7,J84>=TODAY(),J84<TODAY()+3,MOD(TODAY()+3-J84,I84)=0))),ROW(),""),"") | S84: =IFERROR(IF(AND(A84<>"",H84<>"No",I84<>"",OR('Hoy'!$B$3='Ajustes'!$D$5,F84='Hoy'!$B$3),OR(J84=TODAY()+4,AND(I84<=7,J84>=TODAY(),J84<TODAY()+4,MOD(TODAY()+4-J84,I84)=0))),ROW(),""),"") | T84: =IFERROR(IF(AND(A84<>"",H84<>"No",I84<>"",OR('Hoy'!$B$3='Ajustes'!$D$5,F84='Hoy'!$B$3),OR(J84=TODAY()+5,AND(I84<=7,J84>=TODAY(),J84<TODAY()+5,MOD(TODAY()+5-J84,I84)=0))),ROW(),""),"") | U84: =IFERROR(IF(AND(A84<>"",H84<>"No",I84<>"",OR('Hoy'!$B$3='Ajustes'!$D$5,F84='Hoy'!$B$3),OR(J84=TODAY()+6,AND(I84<=7,J84>=TODAY(),J84<TODAY()+6,MOD(TODAY()+6-J84,I84)=0))),ROW(),""),"")
H85: Sí | I85: =IFERROR(IF(OR(A85="",C85=""),"",C85*INDEX('Ajustes'!$I$5:$I$8,MATCH(D85,'Ajustes'!$H$5:$H$8,0))),"") | J85: =IFERROR(IF(I85="","",IF(G85="",IF('Ajustes'!$B$5="",TODAY(),'Ajustes'!$B$5)+MOD(ROW()*13,I85),IF(D85='Ajustes'!$H$7,EDATE(G85,C85),IF(D85='Ajustes'!$H$8,EDATE(G85,12*C85),G85+I85)))),"") | K85: =IF(J85="","",J85-TODAY()) | L85: =IF(A85="","",IF(H85="No","Pausada",IF(K85="","",IF(K85<0,"Atrasada",IF(K85=0,"Hoy",IF(K85<=7,"Esta semana","Más adelante")))))) | M85: =IFERROR(IF(AND(OR(L85="Atrasada",L85="Hoy",L85="Esta semana"),OR('Hoy'!$B$3='Ajustes'!$D$5,F85='Hoy'!$B$3)),K85+ROW()/100000,""),"") | N85: =IF(OR(A85="",H85="No",I85=""),0,E85*7/I85) | O85: =IFERROR(IF(AND(A85<>"",H85<>"No",I85<>"",OR('Hoy'!$B$3='Ajustes'!$D$5,F85='Hoy'!$B$3),J85<=TODAY()),ROW(),""),"") | P85: =IFERROR(IF(AND(A85<>"",H85<>"No",I85<>"",OR('Hoy'!$B$3='Ajustes'!$D$5,F85='Hoy'!$B$3),OR(J85=TODAY()+1,AND(I85<=7,J85>=TODAY(),J85<TODAY()+1,MOD(TODAY()+1-J85,I85)=0))),ROW(),""),"") | Q85: =IFERROR(IF(AND(A85<>"",H85<>"No",I85<>"",OR('Hoy'!$B$3='Ajustes'!$D$5,F85='Hoy'!$B$3),OR(J85=TODAY()+2,AND(I85<=7,J85>=TODAY(),J85<TODAY()+2,MOD(TODAY()+2-J85,I85)=0))),ROW(),""),"") | R85: =IFERROR(IF(AND(A85<>"",H85<>"No",I85<>"",OR('Hoy'!$B$3='Ajustes'!$D$5,F85='Hoy'!$B$3),OR(J85=TODAY()+3,AND(I85<=7,J85>=TODAY(),J85<TODAY()+3,MOD(TODAY()+3-J85,I85)=0))),ROW(),""),"") | S85: =IFERROR(IF(AND(A85<>"",H85<>"No",I85<>"",OR('Hoy'!$B$3='Ajustes'!$D$5,F85='Hoy'!$B$3),OR(J85=TODAY()+4,AND(I85<=7,J85>=TODAY(),J85<TODAY()+4,MOD(TODAY()+4-J85,I85)=0))),ROW(),""),"") | T85: =IFERROR(IF(AND(A85<>"",H85<>"No",I85<>"",OR('Hoy'!$B$3='Ajustes'!$D$5,F85='Hoy'!$B$3),OR(J85=TODAY()+5,AND(I85<=7,J85>=TODAY(),J85<TODAY()+5,MOD(TODAY()+5-J85,I85)=0))),ROW(),""),"") | U85: =IFERROR(IF(AND(A85<>"",H85<>"No",I85<>"",OR('Hoy'!$B$3='Ajustes'!$D$5,F85='Hoy'!$B$3),OR(J85=TODAY()+6,AND(I85<=7,J85>=TODAY(),J85<TODAY()+6,MOD(TODAY()+6-J85,I85)=0))),ROW(),""),"")
H86: Sí | I86: =IFERROR(IF(OR(A86="",C86=""),"",C86*INDEX('Ajustes'!$I$5:$I$8,MATCH(D86,'Ajustes'!$H$5:$H$8,0))),"") | J86: =IFERROR(IF(I86="","",IF(G86="",IF('Ajustes'!$B$5="",TODAY(),'Ajustes'!$B$5)+MOD(ROW()*13,I86),IF(D86='Ajustes'!$H$7,EDATE(G86,C86),IF(D86='Ajustes'!$H$8,EDATE(G86,12*C86),G86+I86)))),"") | K86: =IF(J86="","",J86-TODAY()) | L86: =IF(A86="","",IF(H86="No","Pausada",IF(K86="","",IF(K86<0,"Atrasada",IF(K86=0,"Hoy",IF(K86<=7,"Esta semana","Más adelante")))))) | M86: =IFERROR(IF(AND(OR(L86="Atrasada",L86="Hoy",L86="Esta semana"),OR('Hoy'!$B$3='Ajustes'!$D$5,F86='Hoy'!$B$3)),K86+ROW()/100000,""),"") | N86: =IF(OR(A86="",H86="No",I86=""),0,E86*7/I86) | O86: =IFERROR(IF(AND(A86<>"",H86<>"No",I86<>"",OR('Hoy'!$B$3='Ajustes'!$D$5,F86='Hoy'!$B$3),J86<=TODAY()),ROW(),""),"") | P86: =IFERROR(IF(AND(A86<>"",H86<>"No",I86<>"",OR('Hoy'!$B$3='Ajustes'!$D$5,F86='Hoy'!$B$3),OR(J86=TODAY()+1,AND(I86<=7,J86>=TODAY(),J86<TODAY()+1,MOD(TODAY()+1-J86,I86)=0))),ROW(),""),"") | Q86: =IFERROR(IF(AND(A86<>"",H86<>"No",I86<>"",OR('Hoy'!$B$3='Ajustes'!$D$5,F86='Hoy'!$B$3),OR(J86=TODAY()+2,AND(I86<=7,J86>=TODAY(),J86<TODAY()+2,MOD(TODAY()+2-J86,I86)=0))),ROW(),""),"") | R86: =IFERROR(IF(AND(A86<>"",H86<>"No",I86<>"",OR('Hoy'!$B$3='Ajustes'!$D$5,F86='Hoy'!$B$3),OR(J86=TODAY()+3,AND(I86<=7,J86>=TODAY(),J86<TODAY()+3,MOD(TODAY()+3-J86,I86)=0))),ROW(),""),"") | S86: =IFERROR(IF(AND(A86<>"",H86<>"No",I86<>"",OR('Hoy'!$B$3='Ajustes'!$D$5,F86='Hoy'!$B$3),OR(J86=TODAY()+4,AND(I86<=7,J86>=TODAY(),J86<TODAY()+4,MOD(TODAY()+4-J86,I86)=0))),ROW(),""),"") | T86: =IFERROR(IF(AND(A86<>"",H86<>"No",I86<>"",OR('Hoy'!$B$3='Ajustes'!$D$5,F86='Hoy'!$B$3),OR(J86=TODAY()+5,AND(I86<=7,J86>=TODAY(),J86<TODAY()+5,MOD(TODAY()+5-J86,I86)=0))),ROW(),""),"") | U86: =IFERROR(IF(AND(A86<>"",H86<>"No",I86<>"",OR('Hoy'!$B$3='Ajustes'!$D$5,F86='Hoy'!$B$3),OR(J86=TODAY()+6,AND(I86<=7,J86>=TODAY(),J86<TODAY()+6,MOD(TODAY()+6-J86,I86)=0))),ROW(),""),"")
H87: Sí | I87: =IFERROR(IF(OR(A87="",C87=""),"",C87*INDEX('Ajustes'!$I$5:$I$8,MATCH(D87,'Ajustes'!$H$5:$H$8,0))),"") | J87: =IFERROR(IF(I87="","",IF(G87="",IF('Ajustes'!$B$5="",TODAY(),'Ajustes'!$B$5)+MOD(ROW()*13,I87),IF(D87='Ajustes'!$H$7,EDATE(G87,C87),IF(D87='Ajustes'!$H$8,EDATE(G87,12*C87),G87+I87)))),"") | K87: =IF(J87="","",J87-TODAY()) | L87: =IF(A87="","",IF(H87="No","Pausada",IF(K87="","",IF(K87<0,"Atrasada",IF(K87=0,"Hoy",IF(K87<=7,"Esta semana","Más adelante")))))) | M87: =IFERROR(IF(AND(OR(L87="Atrasada",L87="Hoy",L87="Esta semana"),OR('Hoy'!$B$3='Ajustes'!$D$5,F87='Hoy'!$B$3)),K87+ROW()/100000,""),"") | N87: =IF(OR(A87="",H87="No",I87=""),0,E87*7/I87) | O87: =IFERROR(IF(AND(A87<>"",H87<>"No",I87<>"",OR('Hoy'!$B$3='Ajustes'!$D$5,F87='Hoy'!$B$3),J87<=TODAY()),ROW(),""),"") | P87: =IFERROR(IF(AND(A87<>"",H87<>"No",I87<>"",OR('Hoy'!$B$3='Ajustes'!$D$5,F87='Hoy'!$B$3),OR(J87=TODAY()+1,AND(I87<=7,J87>=TODAY(),J87<TODAY()+1,MOD(TODAY()+1-J87,I87)=0))),ROW(),""),"") | Q87: =IFERROR(IF(AND(A87<>"",H87<>"No",I87<>"",OR('Hoy'!$B$3='Ajustes'!$D$5,F87='Hoy'!$B$3),OR(J87=TODAY()+2,AND(I87<=7,J87>=TODAY(),J87<TODAY()+2,MOD(TODAY()+2-J87,I87)=0))),ROW(),""),"") | R87: =IFERROR(IF(AND(A87<>"",H87<>"No",I87<>"",OR('Hoy'!$B$3='Ajustes'!$D$5,F87='Hoy'!$B$3),OR(J87=TODAY()+3,AND(I87<=7,J87>=TODAY(),J87<TODAY()+3,MOD(TODAY()+3-J87,I87)=0))),ROW(),""),"") | S87: =IFERROR(IF(AND(A87<>"",H87<>"No",I87<>"",OR('Hoy'!$B$3='Ajustes'!$D$5,F87='Hoy'!$B$3),OR(J87=TODAY()+4,AND(I87<=7,J87>=TODAY(),J87<TODAY()+4,MOD(TODAY()+4-J87,I87)=0))),ROW(),""),"") | T87: =IFERROR(IF(AND(A87<>"",H87<>"No",I87<>"",OR('Hoy'!$B$3='Ajustes'!$D$5,F87='Hoy'!$B$3),OR(J87=TODAY()+5,AND(I87<=7,J87>=TODAY(),J87<TODAY()+5,MOD(TODAY()+5-J87,I87)=0))),ROW(),""),"") | U87: =IFERROR(IF(AND(A87<>"",H87<>"No",I87<>"",OR('Hoy'!$B$3='Ajustes'!$D$5,F87='Hoy'!$B$3),OR(J87=TODAY()+6,AND(I87<=7,J87>=TODAY(),J87<TODAY()+6,MOD(TODAY()+6-J87,I87)=0))),ROW(),""),"")
H88: Sí | I88: =IFERROR(IF(OR(A88="",C88=""),"",C88*INDEX('Ajustes'!$I$5:$I$8,MATCH(D88,'Ajustes'!$H$5:$H$8,0))),"") | J88: =IFERROR(IF(I88="","",IF(G88="",IF('Ajustes'!$B$5="",TODAY(),'Ajustes'!$B$5)+MOD(ROW()*13,I88),IF(D88='Ajustes'!$H$7,EDATE(G88,C88),IF(D88='Ajustes'!$H$8,EDATE(G88,12*C88),G88+I88)))),"") | K88: =IF(J88="","",J88-TODAY()) | L88: =IF(A88="","",IF(H88="No","Pausada",IF(K88="","",IF(K88<0,"Atrasada",IF(K88=0,"Hoy",IF(K88<=7,"Esta semana","Más adelante")))))) | M88: =IFERROR(IF(AND(OR(L88="Atrasada",L88="Hoy",L88="Esta semana"),OR('Hoy'!$B$3='Ajustes'!$D$5,F88='Hoy'!$B$3)),K88+ROW()/100000,""),"") | N88: =IF(OR(A88="",H88="No",I88=""),0,E88*7/I88) | O88: =IFERROR(IF(AND(A88<>"",H88<>"No",I88<>"",OR('Hoy'!$B$3='Ajustes'!$D$5,F88='Hoy'!$B$3),J88<=TODAY()),ROW(),""),"") | P88: =IFERROR(IF(AND(A88<>"",H88<>"No",I88<>"",OR('Hoy'!$B$3='Ajustes'!$D$5,F88='Hoy'!$B$3),OR(J88=TODAY()+1,AND(I88<=7,J88>=TODAY(),J88<TODAY()+1,MOD(TODAY()+1-J88,I88)=0))),ROW(),""),"") | Q88: =IFERROR(IF(AND(A88<>"",H88<>"No",I88<>"",OR('Hoy'!$B$3='Ajustes'!$D$5,F88='Hoy'!$B$3),OR(J88=TODAY()+2,AND(I88<=7,J88>=TODAY(),J88<TODAY()+2,MOD(TODAY()+2-J88,I88)=0))),ROW(),""),"") | R88: =IFERROR(IF(AND(A88<>"",H88<>"No",I88<>"",OR('Hoy'!$B$3='Ajustes'!$D$5,F88='Hoy'!$B$3),OR(J88=TODAY()+3,AND(I88<=7,J88>=TODAY(),J88<TODAY()+3,MOD(TODAY()+3-J88,I88)=0))),ROW(),""),"") | S88: =IFERROR(IF(AND(A88<>"",H88<>"No",I88<>"",OR('Hoy'!$B$3='Ajustes'!$D$5,F88='Hoy'!$B$3),OR(J88=TODAY()+4,AND(I88<=7,J88>=TODAY(),J88<TODAY()+4,MOD(TODAY()+4-J88,I88)=0))),ROW(),""),"") | T88: =IFERROR(IF(AND(A88<>"",H88<>"No",I88<>"",OR('Hoy'!$B$3='Ajustes'!$D$5,F88='Hoy'!$B$3),OR(J88=TODAY()+5,AND(I88<=7,J88>=TODAY(),J88<TODAY()+5,MOD(TODAY()+5-J88,I88)=0))),ROW(),""),"") | U88: =IFERROR(IF(AND(A88<>"",H88<>"No",I88<>"",OR('Hoy'!$B$3='Ajustes'!$D$5,F88='Hoy'!$B$3),OR(J88=TODAY()+6,AND(I88<=7,J88>=TODAY(),J88<TODAY()+6,MOD(TODAY()+6-J88,I88)=0))),ROW(),""),"")
H89: Sí | I89: =IFERROR(IF(OR(A89="",C89=""),"",C89*INDEX('Ajustes'!$I$5:$I$8,MATCH(D89,'Ajustes'!$H$5:$H$8,0))),"") | J89: =IFERROR(IF(I89="","",IF(G89="",IF('Ajustes'!$B$5="",TODAY(),'Ajustes'!$B$5)+MOD(ROW()*13,I89),IF(D89='Ajustes'!$H$7,EDATE(G89,C89),IF(D89='Ajustes'!$H$8,EDATE(G89,12*C89),G89+I89)))),"") | K89: =IF(J89="","",J89-TODAY()) | L89: =IF(A89="","",IF(H89="No","Pausada",IF(K89="","",IF(K89<0,"Atrasada",IF(K89=0,"Hoy",IF(K89<=7,"Esta semana","Más adelante")))))) | M89: =IFERROR(IF(AND(OR(L89="Atrasada",L89="Hoy",L89="Esta semana"),OR('Hoy'!$B$3='Ajustes'!$D$5,F89='Hoy'!$B$3)),K89+ROW()/100000,""),"") | N89: =IF(OR(A89="",H89="No",I89=""),0,E89*7/I89) | O89: =IFERROR(IF(AND(A89<>"",H89<>"No",I89<>"",OR('Hoy'!$B$3='Ajustes'!$D$5,F89='Hoy'!$B$3),J89<=TODAY()),ROW(),""),"") | P89: =IFERROR(IF(AND(A89<>"",H89<>"No",I89<>"",OR('Hoy'!$B$3='Ajustes'!$D$5,F89='Hoy'!$B$3),OR(J89=TODAY()+1,AND(I89<=7,J89>=TODAY(),J89<TODAY()+1,MOD(TODAY()+1-J89,I89)=0))),ROW(),""),"") | Q89: =IFERROR(IF(AND(A89<>"",H89<>"No",I89<>"",OR('Hoy'!$B$3='Ajustes'!$D$5,F89='Hoy'!$B$3),OR(J89=TODAY()+2,AND(I89<=7,J89>=TODAY(),J89<TODAY()+2,MOD(TODAY()+2-J89,I89)=0))),ROW(),""),"") | R89: =IFERROR(IF(AND(A89<>"",H89<>"No",I89<>"",OR('Hoy'!$B$3='Ajustes'!$D$5,F89='Hoy'!$B$3),OR(J89=TODAY()+3,AND(I89<=7,J89>=TODAY(),J89<TODAY()+3,MOD(TODAY()+3-J89,I89)=0))),ROW(),""),"") | S89: =IFERROR(IF(AND(A89<>"",H89<>"No",I89<>"",OR('Hoy'!$B$3='Ajustes'!$D$5,F89='Hoy'!$B$3),OR(J89=TODAY()+4,AND(I89<=7,J89>=TODAY(),J89<TODAY()+4,MOD(TODAY()+4-J89,I89)=0))),ROW(),""),"") | T89: =IFERROR(IF(AND(A89<>"",H89<>"No",I89<>"",OR('Hoy'!$B$3='Ajustes'!$D$5,F89='Hoy'!$B$3),OR(J89=TODAY()+5,AND(I89<=7,J89>=TODAY(),J89<TODAY()+5,MOD(TODAY()+5-J89,I89)=0))),ROW(),""),"") | U89: =IFERROR(IF(AND(A89<>"",H89<>"No",I89<>"",OR('Hoy'!$B$3='Ajustes'!$D$5,F89='Hoy'!$B$3),OR(J89=TODAY()+6,AND(I89<=7,J89>=TODAY(),J89<TODAY()+6,MOD(TODAY()+6-J89,I89)=0))),ROW(),""),"")
H90: Sí | I90: =IFERROR(IF(OR(A90="",C90=""),"",C90*INDEX('Ajustes'!$I$5:$I$8,MATCH(D90,'Ajustes'!$H$5:$H$8,0))),"") | J90: =IFERROR(IF(I90="","",IF(G90="",IF('Ajustes'!$B$5="",TODAY(),'Ajustes'!$B$5)+MOD(ROW()*13,I90),IF(D90='Ajustes'!$H$7,EDATE(G90,C90),IF(D90='Ajustes'!$H$8,EDATE(G90,12*C90),G90+I90)))),"") | K90: =IF(J90="","",J90-TODAY()) | L90: =IF(A90="","",IF(H90="No","Pausada",IF(K90="","",IF(K90<0,"Atrasada",IF(K90=0,"Hoy",IF(K90<=7,"Esta semana","Más adelante")))))) | M90: =IFERROR(IF(AND(OR(L90="Atrasada",L90="Hoy",L90="Esta semana"),OR('Hoy'!$B$3='Ajustes'!$D$5,F90='Hoy'!$B$3)),K90+ROW()/100000,""),"") | N90: =IF(OR(A90="",H90="No",I90=""),0,E90*7/I90) | O90: =IFERROR(IF(AND(A90<>"",H90<>"No",I90<>"",OR('Hoy'!$B$3='Ajustes'!$D$5,F90='Hoy'!$B$3),J90<=TODAY()),ROW(),""),"") | P90: =IFERROR(IF(AND(A90<>"",H90<>"No",I90<>"",OR('Hoy'!$B$3='Ajustes'!$D$5,F90='Hoy'!$B$3),OR(J90=TODAY()+1,AND(I90<=7,J90>=TODAY(),J90<TODAY()+1,MOD(TODAY()+1-J90,I90)=0))),ROW(),""),"") | Q90: =IFERROR(IF(AND(A90<>"",H90<>"No",I90<>"",OR('Hoy'!$B$3='Ajustes'!$D$5,F90='Hoy'!$B$3),OR(J90=TODAY()+2,AND(I90<=7,J90>=TODAY(),J90<TODAY()+2,MOD(TODAY()+2-J90,I90)=0))),ROW(),""),"") | R90: =IFERROR(IF(AND(A90<>"",H90<>"No",I90<>"",OR('Hoy'!$B$3='Ajustes'!$D$5,F90='Hoy'!$B$3),OR(J90=TODAY()+3,AND(I90<=7,J90>=TODAY(),J90<TODAY()+3,MOD(TODAY()+3-J90,I90)=0))),ROW(),""),"") | S90: =IFERROR(IF(AND(A90<>"",H90<>"No",I90<>"",OR('Hoy'!$B$3='Ajustes'!$D$5,F90='Hoy'!$B$3),OR(J90=TODAY()+4,AND(I90<=7,J90>=TODAY(),J90<TODAY()+4,MOD(TODAY()+4-J90,I90)=0))),ROW(),""),"") | T90: =IFERROR(IF(AND(A90<>"",H90<>"No",I90<>"",OR('Hoy'!$B$3='Ajustes'!$D$5,F90='Hoy'!$B$3),OR(J90=TODAY()+5,AND(I90<=7,J90>=TODAY(),J90<TODAY()+5,MOD(TODAY()+5-J90,I90)=0))),ROW(),""),"") | U90: =IFERROR(IF(AND(A90<>"",H90<>"No",I90<>"",OR('Hoy'!$B$3='Ajustes'!$D$5,F90='Hoy'!$B$3),OR(J90=TODAY()+6,AND(I90<=7,J90>=TODAY(),J90<TODAY()+6,MOD(TODAY()+6-J90,I90)=0))),ROW(),""),"")
H91: Sí | I91: =IFERROR(IF(OR(A91="",C91=""),"",C91*INDEX('Ajustes'!$I$5:$I$8,MATCH(D91,'Ajustes'!$H$5:$H$8,0))),"") | J91: =IFERROR(IF(I91="","",IF(G91="",IF('Ajustes'!$B$5="",TODAY(),'Ajustes'!$B$5)+MOD(ROW()*13,I91),IF(D91='Ajustes'!$H$7,EDATE(G91,C91),IF(D91='Ajustes'!$H$8,EDATE(G91,12*C91),G91+I91)))),"") | K91: =IF(J91="","",J91-TODAY()) | L91: =IF(A91="","",IF(H91="No","Pausada",IF(K91="","",IF(K91<0,"Atrasada",IF(K91=0,"Hoy",IF(K91<=7,"Esta semana","Más adelante")))))) | M91: =IFERROR(IF(AND(OR(L91="Atrasada",L91="Hoy",L91="Esta semana"),OR('Hoy'!$B$3='Ajustes'!$D$5,F91='Hoy'!$B$3)),K91+ROW()/100000,""),"") | N91: =IF(OR(A91="",H91="No",I91=""),0,E91*7/I91) | O91: =IFERROR(IF(AND(A91<>"",H91<>"No",I91<>"",OR('Hoy'!$B$3='Ajustes'!$D$5,F91='Hoy'!$B$3),J91<=TODAY()),ROW(),""),"") | P91: =IFERROR(IF(AND(A91<>"",H91<>"No",I91<>"",OR('Hoy'!$B$3='Ajustes'!$D$5,F91='Hoy'!$B$3),OR(J91=TODAY()+1,AND(I91<=7,J91>=TODAY(),J91<TODAY()+1,MOD(TODAY()+1-J91,I91)=0))),ROW(),""),"") | Q91: =IFERROR(IF(AND(A91<>"",H91<>"No",I91<>"",OR('Hoy'!$B$3='Ajustes'!$D$5,F91='Hoy'!$B$3),OR(J91=TODAY()+2,AND(I91<=7,J91>=TODAY(),J91<TODAY()+2,MOD(TODAY()+2-J91,I91)=0))),ROW(),""),"") | R91: =IFERROR(IF(AND(A91<>"",H91<>"No",I91<>"",OR('Hoy'!$B$3='Ajustes'!$D$5,F91='Hoy'!$B$3),OR(J91=TODAY()+3,AND(I91<=7,J91>=TODAY(),J91<TODAY()+3,MOD(TODAY()+3-J91,I91)=0))),ROW(),""),"") | S91: =IFERROR(IF(AND(A91<>"",H91<>"No",I91<>"",OR('Hoy'!$B$3='Ajustes'!$D$5,F91='Hoy'!$B$3),OR(J91=TODAY()+4,AND(I91<=7,J91>=TODAY(),J91<TODAY()+4,MOD(TODAY()+4-J91,I91)=0))),ROW(),""),"") | T91: =IFERROR(IF(AND(A91<>"",H91<>"No",I91<>"",OR('Hoy'!$B$3='Ajustes'!$D$5,F91='Hoy'!$B$3),OR(J91=TODAY()+5,AND(I91<=7,J91>=TODAY(),J91<TODAY()+5,MOD(TODAY()+5-J91,I91)=0))),ROW(),""),"") | U91: =IFERROR(IF(AND(A91<>"",H91<>"No",I91<>"",OR('Hoy'!$B$3='Ajustes'!$D$5,F91='Hoy'!$B$3),OR(J91=TODAY()+6,AND(I91<=7,J91>=TODAY(),J91<TODAY()+6,MOD(TODAY()+6-J91,I91)=0))),ROW(),""),"")
H92: Sí | I92: =IFERROR(IF(OR(A92="",C92=""),"",C92*INDEX('Ajustes'!$I$5:$I$8,MATCH(D92,'Ajustes'!$H$5:$H$8,0))),"") | J92: =IFERROR(IF(I92="","",IF(G92="",IF('Ajustes'!$B$5="",TODAY(),'Ajustes'!$B$5)+MOD(ROW()*13,I92),IF(D92='Ajustes'!$H$7,EDATE(G92,C92),IF(D92='Ajustes'!$H$8,EDATE(G92,12*C92),G92+I92)))),"") | K92: =IF(J92="","",J92-TODAY()) | L92: =IF(A92="","",IF(H92="No","Pausada",IF(K92="","",IF(K92<0,"Atrasada",IF(K92=0,"Hoy",IF(K92<=7,"Esta semana","Más adelante")))))) | M92: =IFERROR(IF(AND(OR(L92="Atrasada",L92="Hoy",L92="Esta semana"),OR('Hoy'!$B$3='Ajustes'!$D$5,F92='Hoy'!$B$3)),K92+ROW()/100000,""),"") | N92: =IF(OR(A92="",H92="No",I92=""),0,E92*7/I92) | O92: =IFERROR(IF(AND(A92<>"",H92<>"No",I92<>"",OR('Hoy'!$B$3='Ajustes'!$D$5,F92='Hoy'!$B$3),J92<=TODAY()),ROW(),""),"") | P92: =IFERROR(IF(AND(A92<>"",H92<>"No",I92<>"",OR('Hoy'!$B$3='Ajustes'!$D$5,F92='Hoy'!$B$3),OR(J92=TODAY()+1,AND(I92<=7,J92>=TODAY(),J92<TODAY()+1,MOD(TODAY()+1-J92,I92)=0))),ROW(),""),"") | Q92: =IFERROR(IF(AND(A92<>"",H92<>"No",I92<>"",OR('Hoy'!$B$3='Ajustes'!$D$5,F92='Hoy'!$B$3),OR(J92=TODAY()+2,AND(I92<=7,J92>=TODAY(),J92<TODAY()+2,MOD(TODAY()+2-J92,I92)=0))),ROW(),""),"") | R92: =IFERROR(IF(AND(A92<>"",H92<>"No",I92<>"",OR('Hoy'!$B$3='Ajustes'!$D$5,F92='Hoy'!$B$3),OR(J92=TODAY()+3,AND(I92<=7,J92>=TODAY(),J92<TODAY()+3,MOD(TODAY()+3-J92,I92)=0))),ROW(),""),"") | S92: =IFERROR(IF(AND(A92<>"",H92<>"No",I92<>"",OR('Hoy'!$B$3='Ajustes'!$D$5,F92='Hoy'!$B$3),OR(J92=TODAY()+4,AND(I92<=7,J92>=TODAY(),J92<TODAY()+4,MOD(TODAY()+4-J92,I92)=0))),ROW(),""),"") | T92: =IFERROR(IF(AND(A92<>"",H92<>"No",I92<>"",OR('Hoy'!$B$3='Ajustes'!$D$5,F92='Hoy'!$B$3),OR(J92=TODAY()+5,AND(I92<=7,J92>=TODAY(),J92<TODAY()+5,MOD(TODAY()+5-J92,I92)=0))),ROW(),""),"") | U92: =IFERROR(IF(AND(A92<>"",H92<>"No",I92<>"",OR('Hoy'!$B$3='Ajustes'!$D$5,F92='Hoy'!$B$3),OR(J92=TODAY()+6,AND(I92<=7,J92>=TODAY(),J92<TODAY()+6,MOD(TODAY()+6-J92,I92)=0))),ROW(),""),"")
H93: Sí | I93: =IFERROR(IF(OR(A93="",C93=""),"",C93*INDEX('Ajustes'!$I$5:$I$8,MATCH(D93,'Ajustes'!$H$5:$H$8,0))),"") | J93: =IFERROR(IF(I93="","",IF(G93="",IF('Ajustes'!$B$5="",TODAY(),'Ajustes'!$B$5)+MOD(ROW()*13,I93),IF(D93='Ajustes'!$H$7,EDATE(G93,C93),IF(D93='Ajustes'!$H$8,EDATE(G93,12*C93),G93+I93)))),"") | K93: =IF(J93="","",J93-TODAY()) | L93: =IF(A93="","",IF(H93="No","Pausada",IF(K93="","",IF(K93<0,"Atrasada",IF(K93=0,"Hoy",IF(K93<=7,"Esta semana","Más adelante")))))) | M93: =IFERROR(IF(AND(OR(L93="Atrasada",L93="Hoy",L93="Esta semana"),OR('Hoy'!$B$3='Ajustes'!$D$5,F93='Hoy'!$B$3)),K93+ROW()/100000,""),"") | N93: =IF(OR(A93="",H93="No",I93=""),0,E93*7/I93) | O93: =IFERROR(IF(AND(A93<>"",H93<>"No",I93<>"",OR('Hoy'!$B$3='Ajustes'!$D$5,F93='Hoy'!$B$3),J93<=TODAY()),ROW(),""),"") | P93: =IFERROR(IF(AND(A93<>"",H93<>"No",I93<>"",OR('Hoy'!$B$3='Ajustes'!$D$5,F93='Hoy'!$B$3),OR(J93=TODAY()+1,AND(I93<=7,J93>=TODAY(),J93<TODAY()+1,MOD(TODAY()+1-J93,I93)=0))),ROW(),""),"") | Q93: =IFERROR(IF(AND(A93<>"",H93<>"No",I93<>"",OR('Hoy'!$B$3='Ajustes'!$D$5,F93='Hoy'!$B$3),OR(J93=TODAY()+2,AND(I93<=7,J93>=TODAY(),J93<TODAY()+2,MOD(TODAY()+2-J93,I93)=0))),ROW(),""),"") | R93: =IFERROR(IF(AND(A93<>"",H93<>"No",I93<>"",OR('Hoy'!$B$3='Ajustes'!$D$5,F93='Hoy'!$B$3),OR(J93=TODAY()+3,AND(I93<=7,J93>=TODAY(),J93<TODAY()+3,MOD(TODAY()+3-J93,I93)=0))),ROW(),""),"") | S93: =IFERROR(IF(AND(A93<>"",H93<>"No",I93<>"",OR('Hoy'!$B$3='Ajustes'!$D$5,F93='Hoy'!$B$3),OR(J93=TODAY()+4,AND(I93<=7,J93>=TODAY(),J93<TODAY()+4,MOD(TODAY()+4-J93,I93)=0))),ROW(),""),"") | T93: =IFERROR(IF(AND(A93<>"",H93<>"No",I93<>"",OR('Hoy'!$B$3='Ajustes'!$D$5,F93='Hoy'!$B$3),OR(J93=TODAY()+5,AND(I93<=7,J93>=TODAY(),J93<TODAY()+5,MOD(TODAY()+5-J93,I93)=0))),ROW(),""),"") | U93: =IFERROR(IF(AND(A93<>"",H93<>"No",I93<>"",OR('Hoy'!$B$3='Ajustes'!$D$5,F93='Hoy'!$B$3),OR(J93=TODAY()+6,AND(I93<=7,J93>=TODAY(),J93<TODAY()+6,MOD(TODAY()+6-J93,I93)=0))),ROW(),""),"")
H94: Sí | I94: =IFERROR(IF(OR(A94="",C94=""),"",C94*INDEX('Ajustes'!$I$5:$I$8,MATCH(D94,'Ajustes'!$H$5:$H$8,0))),"") | J94: =IFERROR(IF(I94="","",IF(G94="",IF('Ajustes'!$B$5="",TODAY(),'Ajustes'!$B$5)+MOD(ROW()*13,I94),IF(D94='Ajustes'!$H$7,EDATE(G94,C94),IF(D94='Ajustes'!$H$8,EDATE(G94,12*C94),G94+I94)))),"") | K94: =IF(J94="","",J94-TODAY()) | L94: =IF(A94="","",IF(H94="No","Pausada",IF(K94="","",IF(K94<0,"Atrasada",IF(K94=0,"Hoy",IF(K94<=7,"Esta semana","Más adelante")))))) | M94: =IFERROR(IF(AND(OR(L94="Atrasada",L94="Hoy",L94="Esta semana"),OR('Hoy'!$B$3='Ajustes'!$D$5,F94='Hoy'!$B$3)),K94+ROW()/100000,""),"") | N94: =IF(OR(A94="",H94="No",I94=""),0,E94*7/I94) | O94: =IFERROR(IF(AND(A94<>"",H94<>"No",I94<>"",OR('Hoy'!$B$3='Ajustes'!$D$5,F94='Hoy'!$B$3),J94<=TODAY()),ROW(),""),"") | P94: =IFERROR(IF(AND(A94<>"",H94<>"No",I94<>"",OR('Hoy'!$B$3='Ajustes'!$D$5,F94='Hoy'!$B$3),OR(J94=TODAY()+1,AND(I94<=7,J94>=TODAY(),J94<TODAY()+1,MOD(TODAY()+1-J94,I94)=0))),ROW(),""),"") | Q94: =IFERROR(IF(AND(A94<>"",H94<>"No",I94<>"",OR('Hoy'!$B$3='Ajustes'!$D$5,F94='Hoy'!$B$3),OR(J94=TODAY()+2,AND(I94<=7,J94>=TODAY(),J94<TODAY()+2,MOD(TODAY()+2-J94,I94)=0))),ROW(),""),"") | R94: =IFERROR(IF(AND(A94<>"",H94<>"No",I94<>"",OR('Hoy'!$B$3='Ajustes'!$D$5,F94='Hoy'!$B$3),OR(J94=TODAY()+3,AND(I94<=7,J94>=TODAY(),J94<TODAY()+3,MOD(TODAY()+3-J94,I94)=0))),ROW(),""),"") | S94: =IFERROR(IF(AND(A94<>"",H94<>"No",I94<>"",OR('Hoy'!$B$3='Ajustes'!$D$5,F94='Hoy'!$B$3),OR(J94=TODAY()+4,AND(I94<=7,J94>=TODAY(),J94<TODAY()+4,MOD(TODAY()+4-J94,I94)=0))),ROW(),""),"") | T94: =IFERROR(IF(AND(A94<>"",H94<>"No",I94<>"",OR('Hoy'!$B$3='Ajustes'!$D$5,F94='Hoy'!$B$3),OR(J94=TODAY()+5,AND(I94<=7,J94>=TODAY(),J94<TODAY()+5,MOD(TODAY()+5-J94,I94)=0))),ROW(),""),"") | U94: =IFERROR(IF(AND(A94<>"",H94<>"No",I94<>"",OR('Hoy'!$B$3='Ajustes'!$D$5,F94='Hoy'!$B$3),OR(J94=TODAY()+6,AND(I94<=7,J94>=TODAY(),J94<TODAY()+6,MOD(TODAY()+6-J94,I94)=0))),ROW(),""),"")
... H155: Sí | I155: =IFERROR(IF(OR(A155="",C155=""),"",C155*INDEX('Ajustes'!$I$5:$I$8,MATCH(D155,'Ajustes'!$H$5:$H$8,0))),"") | J155: =IFERROR(IF(I155="","",IF(G155="",IF('Ajustes'!$B$5="",TODAY(),'Ajustes'!$B$5)+MOD(ROW()*13,I155),IF(D155='Ajustes'!$H$7,EDATE(G155,C155),IF(D155='Ajustes'!$H$8,EDATE(G155,12*C155),G155+I155)))),"") | K155: =IF(J155="","",J155-TODAY()) | L155: =IF(A155="","",IF(H155="No","Pausada",IF(K155="","",IF(K155<0,"Atrasada",IF(K155=0,"Hoy",IF(K155<=7,"Esta semana","Más adelante")))))) | M155: =IFERROR(IF(AND(OR(L155="Atrasada",L155="Hoy",L155="Esta semana"),OR('Hoy'!$B$3='Ajustes'!$D$5,F155='Hoy'!$B$3)),K155+ROW()/100000,""),"") | N155: =IF(OR(A155="",H155="No",I155=""),0,E155*7/I155) | O155: =IFERROR(IF(AND(A155<>"",H155<>"No",I155<>"",OR('Hoy'!$B$3='Ajustes'!$D$5,F155='Hoy'!$B$3),J155<=TODAY()),ROW(),""),"") | P155: =IFERROR(IF(AND(A155<>"",H155<>"No",I155<>"",OR('Hoy'!$B$3='Ajustes'!$D$5,F155='Hoy'!$B$3),OR(J155=TODAY()+1,AND(I155<=7,J155>=TODAY(),J155<TODAY()+1,MOD(TODAY()+1-J155,I155)=0))),ROW(),""),"") | Q155: =IFERROR(IF(AND(A155<>"",H155<>"No",I155<>"",OR('Hoy'!$B$3='Ajustes'!$D$5,F155='Hoy'!$B$3),OR(J155=TODAY()+2,AND(I155<=7,J155>=TODAY(),J155<TODAY()+2,MOD(TODAY()+2-J155,I155)=0))),ROW(),""),"") | R155: =IFERROR(IF(AND(A155<>"",H155<>"No",I155<>"",OR('Hoy'!$B$3='Ajustes'!$D$5,F155='Hoy'!$B$3),OR(J155=TODAY()+3,AND(I155<=7,J155>=TODAY(),J155<TODAY()+3,MOD(TODAY()+3-J155,I155)=0))),ROW(),""),"") | S155: =IFERROR(IF(AND(A155<>"",H155<>"No",I155<>"",OR('Hoy'!$B$3='Ajustes'!$D$5,F155='Hoy'!$B$3),OR(J155=TODAY()+4,AND(I155<=7,J155>=TODAY(),J155<TODAY()+4,MOD(TODAY()+4-J155,I155)=0))),ROW(),""),"") | T155: =IFERROR(IF(AND(A155<>"",H155<>"No",I155<>"",OR('Hoy'!$B$3='Ajustes'!$D$5,F155='Hoy'!$B$3),OR(J155=TODAY()+5,AND(I155<=7,J155>=TODAY(),J155<TODAY()+5,MOD(TODAY()+5-J155,I155)=0))),ROW(),""),"") | U155: =IFERROR(IF(AND(A155<>"",H155<>"No",I155<>"",OR('Hoy'!$B$3='Ajustes'!$D$5,F155='Hoy'!$B$3),OR(J155=TODAY()+6,AND(I155<=7,J155>=TODAY(),J155<TODAY()+6,MOD(TODAY()+6-J155,I155)=0))),ROW(),""),"")

Sheet Hogar
A1: Hogar
A2: Quién carga con cuánto. Los minutos por semana salen del tiempo y la frecuencia de cada tarea.
A4: Persona | B4: Tareas | C4: Min / semana | D4: Horas / semana | E4: % del total | F4: Atrasadas hoy | G4: Min / semana vs. reparto parejo
A5: =IF('Ajustes'!D6="","",'Ajustes'!D6) | B5: =IF($A5="","",SUMPRODUCT(('Tareas'!$F$6:$F$155=$A5)*('Tareas'!$A$6:$A$155<>"")*('Tareas'!$H$6:$H$155<>"No"))) | C5: =IF($A5="","",SUMPRODUCT(('Tareas'!$F$6:$F$155=$A5)*'Tareas'!$N$6:$N$155)) | D5: =IF($A5="","",C5/60) | E5: =IF(OR($A5="",$C$12=0),"",C5/$C$12) | F5: =IF($A5="","",SUMPRODUCT(('Tareas'!$F$6:$F$155=$A5)*('Tareas'!$L$6:$L$155="Atrasada"))) | G5: =IF(OR($A5="",COUNTIF($A$5:$A$10,"?*")=0),"",C5-($C$12-$C$11)/COUNTIF($A$5:$A$10,"?*"))
A6: =IF('Ajustes'!D7="","",'Ajustes'!D7) | B6: =IF($A6="","",SUMPRODUCT(('Tareas'!$F$6:$F$155=$A6)*('Tareas'!$A$6:$A$155<>"")*('Tareas'!$H$6:$H$155<>"No"))) | C6: =IF($A6="","",SUMPRODUCT(('Tareas'!$F$6:$F$155=$A6)*'Tareas'!$N$6:$N$155)) | D6: =IF($A6="","",C6/60) | E6: =IF(OR($A6="",$C$12=0),"",C6/$C$12) | F6: =IF($A6="","",SUMPRODUCT(('Tareas'!$F$6:$F$155=$A6)*('Tareas'!$L$6:$L$155="Atrasada"))) | G6: =IF(OR($A6="",COUNTIF($A$5:$A$10,"?*")=0),"",C6-($C$12-$C$11)/COUNTIF($A$5:$A$10,"?*"))
A7: =IF('Ajustes'!D8="","",'Ajustes'!D8) | B7: =IF($A7="","",SUMPRODUCT(('Tareas'!$F$6:$F$155=$A7)*('Tareas'!$A$6:$A$155<>"")*('Tareas'!$H$6:$H$155<>"No"))) | C7: =IF($A7="","",SUMPRODUCT(('Tareas'!$F$6:$F$155=$A7)*'Tareas'!$N$6:$N$155)) | D7: =IF($A7="","",C7/60) | E7: =IF(OR($A7="",$C$12=0),"",C7/$C$12) | F7: =IF($A7="","",SUMPRODUCT(('Tareas'!$F$6:$F$155=$A7)*('Tareas'!$L$6:$L$155="Atrasada"))) | G7: =IF(OR($A7="",COUNTIF($A$5:$A$10,"?*")=0),"",C7-($C$12-$C$11)/COUNTIF($A$5:$A$10,"?*"))
A8: =IF('Ajustes'!D9="","",'Ajustes'!D9) | B8: =IF($A8="","",SUMPRODUCT(('Tareas'!$F$6:$F$155=$A8)*('Tareas'!$A$6:$A$155<>"")*('Tareas'!$H$6:$H$155<>"No"))) | C8: =IF($A8="","",SUMPRODUCT(('Tareas'!$F$6:$F$155=$A8)*'Tareas'!$N$6:$N$155)) | D8: =IF($A8="","",C8/60) | E8: =IF(OR($A8="",$C$12=0),"",C8/$C$12) | F8: =IF($A8="","",SUMPRODUCT(('Tareas'!$F$6:$F$155=$A8)*('Tareas'!$L$6:$L$155="Atrasada"))) | G8: =IF(OR($A8="",COUNTIF($A$5:$A$10,"?*")=0),"",C8-($C$12-$C$11)/COUNTIF($A$5:$A$10,"?*"))
A9: =IF('Ajustes'!D10="","",'Ajustes'!D10) | B9: =IF($A9="","",SUMPRODUCT(('Tareas'!$F$6:$F$155=$A9)*('Tareas'!$A$6:$A$155<>"")*('Tareas'!$H$6:$H$155<>"No"))) | C9: =IF($A9="","",SUMPRODUCT(('Tareas'!$F$6:$F$155=$A9)*'Tareas'!$N$6:$N$155)) | D9: =IF($A9="","",C9/60) | E9: =IF(OR($A9="",$C$12=0),"",C9/$C$12) | F9: =IF($A9="","",SUMPRODUCT(('Tareas'!$F$6:$F$155=$A9)*('Tareas'!$L$6:$L$155="Atrasada"))) | G9: =IF(OR($A9="",COUNTIF($A$5:$A$10,"?*")=0),"",C9-($C$12-$C$11)/COUNTIF($A$5:$A$10,"?*"))
A10: =IF('Ajustes'!D11="","",'Ajustes'!D11) | B10: =IF($A10="","",SUMPRODUCT(('Tareas'!$F$6:$F$155=$A10)*('Tareas'!$A$6:$A$155<>"")*('Tareas'!$H$6:$H$155<>"No"))) | C10: =IF($A10="","",SUMPRODUCT(('Tareas'!$F$6:$F$155=$A10)*'Tareas'!$N$6:$N$155)) | D10: =IF($A10="","",C10/60) | E10: =IF(OR($A10="",$C$12=0),"",C10/$C$12) | F10: =IF($A10="","",SUMPRODUCT(('Tareas'!$F$6:$F$155=$A10)*('Tareas'!$L$6:$L$155="Atrasada"))) | G10: =IF(OR($A10="",COUNTIF($A$5:$A$10,"?*")=0),"",C10-($C$12-$C$11)/COUNTIF($A$5:$A$10,"?*"))
A11: Sin asignar | B11: =IF($A11="","",SUMPRODUCT(('Tareas'!$F$6:$F$155="")*('Tareas'!$A$6:$A$155<>"")*('Tareas'!$H$6:$H$155<>"No"))) | C11: =IF($A11="","",SUMPRODUCT(('Tareas'!$F$6:$F$155="")*'Tareas'!$N$6:$N$155)) | D11: =IF($A11="","",C11/60) | E11: =IF(OR($A11="",$C$12=0),"",C11/$C$12) | F11: =IF($A11="","",SUMPRODUCT(('Tareas'!$F$6:$F$155="")*('Tareas'!$L$6:$L$155="Atrasada")))
A12: Total | B12: =SUM(B5:B11) | C12: =SUM(C5:C11) | D12: =SUM(D5:D11) | F12: =SUM(F5:F11)
A14: Carga más liviana hoy: | C14: =IFERROR(INDEX($A$5:$A$10,MATCH(MIN($C$5:$C$10),$C$5:$C$10,0)),"")
A15: Dale la próxima tarea sin asignar a esta persona, o a quien esté por debajo del reparto parejo en la última columna.
A17: Ambiente / área | B17: Tareas | C17: Min / semana | D17: Atrasadas hoy
A18: ='Ajustes'!F5 | B18: =IF($A18="","",SUMPRODUCT(('Tareas'!$B$6:$B$155=$A18)*('Tareas'!$A$6:$A$155<>"")*('Tareas'!$H$6:$H$155<>"No"))) | C18: =IF($A18="","",SUMIF('Tareas'!$B$6:$B$155,$A18,'Tareas'!$N$6:$N$155)) | D18: =IF($A18="","",COUNTIFS('Tareas'!$B$6:$B$155,$A18,'Tareas'!$L$6:$L$155,"Atrasada"))
A19: ='Ajustes'!F6 | B19: =IF($A19="","",SUMPRODUCT(('Tareas'!$B$6:$B$155=$A19)*('Tareas'!$A$6:$A$155<>"")*('Tareas'!$H$6:$H$155<>"No"))) | C19: =IF($A19="","",SUMIF('Tareas'!$B$6:$B$155,$A19,'Tareas'!$N$6:$N$155)) | D19: =IF($A19="","",COUNTIFS('Tareas'!$B$6:$B$155,$A19,'Tareas'!$L$6:$L$155,"Atrasada"))
A20: ='Ajustes'!F7 | B20: =IF($A20="","",SUMPRODUCT(('Tareas'!$B$6:$B$155=$A20)*('Tareas'!$A$6:$A$155<>"")*('Tareas'!$H$6:$H$155<>"No"))) | C20: =IF($A20="","",SUMIF('Tareas'!$B$6:$B$155,$A20,'Tareas'!$N$6:$N$155)) | D20: =IF($A20="","",COUNTIFS('Tareas'!$B$6:$B$155,$A20,'Tareas'!$L$6:$L$155,"Atrasada"))
A21: ='Ajustes'!F8 | B21: =IF($A21="","",SUMPRODUCT(('Tareas'!$B$6:$B$155=$A21)*('Tareas'!$A$6:$A$155<>"")*('Tareas'!$H$6:$H$155<>"No"))) | C21: =IF($A21="","",SUMIF('Tareas'!$B$6:$B$155,$A21,'Tareas'!$N$6:$N$155)) | D21: =IF($A21="","",COUNTIFS('Tareas'!$B$6:$B$155,$A21,'Tareas'!$L$6:$L$155,"Atrasada"))
A22: ='Ajustes'!F9 | B22: =IF($A22="","",SUMPRODUCT(('Tareas'!$B$6:$B$155=$A22)*('Tareas'!$A$6:$A$155<>"")*('Tareas'!$H$6:$H$155<>"No"))) | C22: =IF($A22="","",SUMIF('Tareas'!$B$6:$B$155,$A22,'Tareas'!$N$6:$N$155)) | D22: =IF($A22="","",COUNTIFS('Tareas'!$B$6:$B$155,$A22,'Tareas'!$L$6:$L$155,"Atrasada"))
A23: ='Ajustes'!F10 | B23: =IF($A23="","",SUMPRODUCT(('Tareas'!$B$6:$B$155=$A23)*('Tareas'!$A$6:$A$155<>"")*('Tareas'!$H$6:$H$155<>"No"))) | C23: =IF($A23="","",SUMIF('Tareas'!$B$6:$B$155,$A23,'Tareas'!$N$6:$N$155)) | D23: =IF($A23="","",COUNTIFS('Tareas'!$B$6:$B$155,$A23,'Tareas'!$L$6:$L$155,"Atrasada"))
A24: ='Ajustes'!F11 | B24: =IF($A24="","",SUMPRODUCT(('Tareas'!$B$6:$B$155=$A24)*('Tareas'!$A$6:$A$155<>"")*('Tareas'!$H$6:$H$155<>"No"))) | C24: =IF($A24="","",SUMIF('Tareas'!$B$6:$B$155,$A24,'Tareas'!$N$6:$N$155)) | D24: =IF($A24="","",COUNTIFS('Tareas'!$B$6:$B$155,$A24,'Tareas'!$L$6:$L$155,"Atrasada"))
A25: ='Ajustes'!F12 | B25: =IF($A25="","",SUMPRODUCT(('Tareas'!$B$6:$B$155=$A25)*('Tareas'!$A$6:$A$155<>"")*('Tareas'!$H$6:$H$155<>"No"))) | C25: =IF($A25="","",SUMIF('Tareas'!$B$6:$B$155,$A25,'Tareas'!$N$6:$N$155)) | D25: =IF($A25="","",COUNTIFS('Tareas'!$B$6:$B$155,$A25,'Tareas'!$L$6:$L$155,"Atrasada"))
A26: ='Ajustes'!F13 | B26: =IF($A26="","",SUMPRODUCT(('Tareas'!$B$6:$B$155=$A26)*('Tareas'!$A$6:$A$155<>"")*('Tareas'!$H$6:$H$155<>"No"))) | C26: =IF($A26="","",SUMIF('Tareas'!$B$6:$B$155,$A26,'Tareas'!$N$6:$N$155)) | D26: =IF($A26="","",COUNTIFS('Tareas'!$B$6:$B$155,$A26,'Tareas'!$L$6:$L$155,"Atrasada"))
A27: ='Ajustes'!F14 | B27: =IF($A27="","",SUMPRODUCT(('Tareas'!$B$6:$B$155=$A27)*('Tareas'!$A$6:$A$155<>"")*('Tareas'!$H$6:$H$155<>"No"))) | C27: =IF($A27="","",SUMIF('Tareas'!$B$6:$B$155,$A27,'Tareas'!$N$6:$N$155)) | D27: =IF($A27="","",COUNTIFS('Tareas'!$B$6:$B$155,$A27,'Tareas'!$L$6:$L$155,"Atrasada"))
A28: ='Ajustes'!F15 | B28: =IF($A28="","",SUMPRODUCT(('Tareas'!$B$6:$B$155=$A28)*('Tareas'!$A$6:$A$155<>"")*('Tareas'!$H$6:$H$155<>"No"))) | C28: =IF($A28="","",SUMIF('Tareas'!$B$6:$B$155,$A28,'Tareas'!$N$6:$N$155)) | D28: =IF($A28="","",COUNTIFS('Tareas'!$B$6:$B$155,$A28,'Tareas'!$L$6:$L$155,"Atrasada"))
A29: ='Ajustes'!F16 | B29: =IF($A29="","",SUMPRODUCT(('Tareas'!$B$6:$B$155=$A29)*('Tareas'!$A$6:$A$155<>"")*('Tareas'!$H$6:$H$155<>"No"))) | C29: =IF($A29="","",SUMIF('Tareas'!$B$6:$B$155,$A29,'Tareas'!$N$6:$N$155)) | D29: =IF($A29="","",COUNTIFS('Tareas'!$B$6:$B$155,$A29,'Tareas'!$L$6:$L$155,"Atrasada"))

Sheet Biblioteca
A1: Biblioteca de plantillas
A2: Copiá las columnas A a E de cualquier fila en la primera fila libre de Tareas. El ambiente tiene que coincidir con tu lista de Ajustes.
A4: Tarea | B4: Ambiente / área | C4: Cada | D4: Unidad | E4: Minutos | F4: Pack
A5: Lavar los guardapolvos / uniformes | B5: Chicos y familia | C5: 1 | D5: Semanas | E5: 15 | F5: Familia con chicos
A6: Preparar mochilas y viandas | B6: Chicos y familia | C6: 1 | D6: Días | E6: 10 | F6: Familia con chicos
A7: Guardar los juguetes | B7: Chicos y familia | C7: 1 | D7: Días | E7: 10 | F7: Familia con chicos
A8: Higienizar juguetes | B8: Chicos y familia | C8: 1 | D8: Meses | E8: 20 | F8: Familia con chicos
A9: Revisar talles de ropa de los chicos | B9: Chicos y familia | C9: 3 | D9: Meses | E9: 20 | F9: Familia con chicos
A10: Limpiar la silla de comer | B10: Chicos y familia | C10: 1 | D10: Días | E10: 5 | F10: Familia con chicos
A11: Lavar y esterilizar mamaderas | B11: Chicos y familia | C11: 1 | D11: Días | E11: 10 | F11: Familia con chicos
A12: Reponer pañales y toallitas | B12: Chicos y familia | C12: 1 | D12: Semanas | E12: 5 | F12: Familia con chicos
A13: Cambiar toda la arena del gato | B13: Mascotas | C13: 1 | D13: Semanas | E13: 15 | F13: Con mascotas
A14: Aspirar pelos de mascota del sillón | B14: Mascotas | C14: 1 | D14: Semanas | E14: 10 | F14: Con mascotas
A15: Pasear al perro | B15: Mascotas | C15: 1 | D15: Días | E15: 30 | F15: Con mascotas
A16: Cortar las uñas de la mascota | B16: Mascotas | C16: 1 | D16: Meses | E16: 10 | F16: Con mascotas
... A49: Cocinar para toda la semana | B49: Cocina | C49: 1 | D49: Semanas | E49: 90 | F49: Estudiante / monoambiente

Sheet Ajustes
A1: Ajustes
A2: Amarillo = para editar. Las tablas grises las usan las fórmulas, dejalas como están.
A4: Ajuste | B4: Valor | D4: Personas en la casa | F4: Ambientes / áreas | H4: Unidad | I4: Días | K4: Activa
A5: Fecha de inicio (el día que empezás) | D5: Todos | F5: Cocina | H5: Días | I5: 1 | K5: Sí
A6: Hoy | B6: =TODAY() | D6: Persona 1 | F6: Baño | H6: Semanas | I6: 7 | K6: No
A7: Si dejás vacía la fecha de inicio se usa hoy. Escribí una fecha fija para que las tareas nuevas no se muevan. | D7: Persona 2 | F7: Dormitorio | H7: Meses | I7: 30
D8: Persona 3 | F8: Living | H8: Años | I8: 365
D9: Persona 4 | F9: Ropa
F10: Plantas y jardín
F11: Mascotas
F12: Toda la casa
F13: Trámites y compras
F14: Chicos y familia
F15: Auto y exterior
F16: Otros
